-- MySQL dump 10.13  Distrib 8.0.27, for Linux (x86_64)
--
-- Host: localhost    Database: music_rating_app
-- ------------------------------------------------------
-- Server version	8.0.27

/*!40101 SET @OLD_CHARACTER_SET_CLIENT=@@CHARACTER_SET_CLIENT */;
/*!40101 SET @OLD_CHARACTER_SET_RESULTS=@@CHARACTER_SET_RESULTS */;
/*!40101 SET @OLD_COLLATION_CONNECTION=@@COLLATION_CONNECTION */;
/*!50503 SET NAMES utf8mb4 */;
/*!40103 SET @OLD_TIME_ZONE=@@TIME_ZONE */;
/*!40103 SET TIME_ZONE='+00:00' */;
/*!40014 SET @OLD_UNIQUE_CHECKS=@@UNIQUE_CHECKS, UNIQUE_CHECKS=0 */;
/*!40014 SET @OLD_FOREIGN_KEY_CHECKS=@@FOREIGN_KEY_CHECKS, FOREIGN_KEY_CHECKS=0 */;
/*!40101 SET @OLD_SQL_MODE=@@SQL_MODE, SQL_MODE='NO_AUTO_VALUE_ON_ZERO' */;
/*!40111 SET @OLD_SQL_NOTES=@@SQL_NOTES, SQL_NOTES=0 */;

--
-- Temporary view structure for view `adm_users`
--

DROP TABLE IF EXISTS `adm_users`;
/*!50001 DROP VIEW IF EXISTS `adm_users`*/;
SET @saved_cs_client     = @@character_set_client;
/*!50503 SET character_set_client = utf8mb4 */;
/*!50001 CREATE VIEW `adm_users` AS SELECT 
 1 AS `id`,
 1 AS `username`,
 1 AS `mail`,
 1 AS `passwd`,
 1 AS `user_type`*/;
SET character_set_client = @saved_cs_client;

--
-- Table structure for table `albums`
--

DROP TABLE IF EXISTS `albums`;
/*!40101 SET @saved_cs_client     = @@character_set_client */;
/*!50503 SET character_set_client = utf8mb4 */;
CREATE TABLE `albums` (
  `id` int NOT NULL AUTO_INCREMENT,
  `title` varchar(60) NOT NULL,
  `img` varchar(60) DEFAULT NULL,
  `created_at` timestamp NULL DEFAULT CURRENT_TIMESTAMP,
  `updated_at` timestamp NULL DEFAULT CURRENT_TIMESTAMP ON UPDATE CURRENT_TIMESTAMP,
  PRIMARY KEY (`id`)
) ENGINE=InnoDB AUTO_INCREMENT=736 DEFAULT CHARSET=utf8mb4 COLLATE=utf8mb4_0900_ai_ci;
/*!40101 SET character_set_client = @saved_cs_client */;

--
-- Dumping data for table `albums`
--

LOCK TABLES `albums` WRITE;
/*!40000 ALTER TABLE `albums` DISABLE KEYS */;
INSERT INTO `albums` VALUES (1,'In the Aeroplane Over the Sea','in-the-aeroplane-over-the-sea.jpg','2021-12-01 00:38:34','2021-12-01 00:38:34'),(2,'Core','core.jpg','2021-12-01 00:38:34','2021-12-01 00:38:34'),(70,'quipster',NULL,'2021-12-01 02:02:31','2021-12-01 02:02:31'),(71,'reindustrialize',NULL,'2021-12-01 02:02:31','2021-12-01 02:02:31'),(72,'bartends',NULL,'2021-12-01 02:02:31','2021-12-01 02:02:31'),(73,'skateboard',NULL,'2021-12-01 02:02:31','2021-12-01 02:02:31'),(74,'reynard',NULL,'2021-12-01 02:02:31','2021-12-01 02:02:31'),(75,'codeina',NULL,'2021-12-01 02:02:31','2021-12-01 02:02:31'),(76,'swampers',NULL,'2021-12-01 02:02:31','2021-12-01 02:02:31'),(77,'sylvine',NULL,'2021-12-01 02:02:31','2021-12-01 02:02:31'),(78,'khakilike',NULL,'2021-12-01 02:02:31','2021-12-01 02:02:31'),(79,'hymnary',NULL,'2021-12-01 02:02:31','2021-12-01 02:02:31'),(80,'diazotizing',NULL,'2021-12-01 02:02:31','2021-12-01 02:02:31'),(81,'diseur',NULL,'2021-12-01 02:02:31','2021-12-01 02:02:31'),(82,'neatened',NULL,'2021-12-01 02:02:31','2021-12-01 02:02:31'),(83,'antipodal',NULL,'2021-12-01 02:02:31','2021-12-01 02:02:31'),(84,'veratria',NULL,'2021-12-01 02:02:31','2021-12-01 02:02:31'),(85,'tantara',NULL,'2021-12-01 02:02:31','2021-12-01 02:02:31'),(86,'possessions',NULL,'2021-12-01 02:02:31','2021-12-01 02:02:31'),(87,'penitentiaries',NULL,'2021-12-01 02:02:31','2021-12-01 02:02:31'),(88,'basketballs',NULL,'2021-12-01 02:02:31','2021-12-01 02:02:31'),(89,'autotype',NULL,'2021-12-01 02:02:31','2021-12-01 02:02:31'),(90,'lyophilized',NULL,'2021-12-01 02:02:31','2021-12-01 02:02:31'),(91,'thetically',NULL,'2021-12-01 02:02:31','2021-12-01 02:02:31'),(92,'needfulnesses',NULL,'2021-12-01 02:02:31','2021-12-01 02:02:31'),(93,'preelectric',NULL,'2021-12-01 02:02:31','2021-12-01 02:02:31'),(94,'metalloid',NULL,'2021-12-01 02:02:31','2021-12-01 02:02:31'),(95,'azurites',NULL,'2021-12-01 02:02:31','2021-12-01 02:02:31'),(96,'awny',NULL,'2021-12-01 02:02:31','2021-12-01 02:02:31'),(97,'roturiers',NULL,'2021-12-01 02:02:31','2021-12-01 02:02:31'),(98,'automaticities',NULL,'2021-12-01 02:02:31','2021-12-01 02:02:31'),(99,'cumbers',NULL,'2021-12-01 02:02:31','2021-12-01 02:02:31'),(100,'bravoes',NULL,'2021-12-01 02:02:31','2021-12-01 02:02:31'),(101,'glidepath',NULL,'2021-12-01 02:02:31','2021-12-01 02:02:31'),(102,'feltlike',NULL,'2021-12-01 02:02:31','2021-12-01 02:02:31'),(103,'pietist',NULL,'2021-12-01 02:02:31','2021-12-01 02:02:31'),(104,'automorphisms',NULL,'2021-12-01 02:02:31','2021-12-01 02:02:31'),(105,'bipolarities',NULL,'2021-12-01 02:02:31','2021-12-01 02:02:31'),(106,'sedimentologic',NULL,'2021-12-01 02:02:31','2021-12-01 02:02:31'),(107,'patissiers',NULL,'2021-12-01 02:02:31','2021-12-01 02:02:31'),(108,'knuckly',NULL,'2021-12-01 02:02:31','2021-12-01 02:02:31'),(109,'pest',NULL,'2021-12-01 02:02:31','2021-12-01 02:02:31'),(110,'anglo',NULL,'2021-12-01 02:02:31','2021-12-01 02:02:31'),(111,'igg',NULL,'2021-12-01 02:02:31','2021-12-01 02:02:31'),(112,'ligroins',NULL,'2021-12-01 02:02:31','2021-12-01 02:02:31'),(113,'hangups',NULL,'2021-12-01 02:02:31','2021-12-01 02:02:31'),(114,'labialization',NULL,'2021-12-01 02:02:31','2021-12-01 02:02:31'),(115,'flipping',NULL,'2021-12-01 02:02:31','2021-12-01 02:02:31'),(116,'musths',NULL,'2021-12-01 02:02:31','2021-12-01 02:02:31'),(117,'bloodlust',NULL,'2021-12-01 02:02:31','2021-12-01 02:02:31'),(118,'lock',NULL,'2021-12-01 02:02:31','2021-12-01 02:02:31'),(119,'waiting',NULL,'2021-12-01 02:02:31','2021-12-01 02:02:31'),(120,'orphrey',NULL,'2021-12-01 02:02:31','2021-12-01 02:02:31'),(121,'dizens',NULL,'2021-12-01 02:02:31','2021-12-01 02:02:31'),(122,'debuting',NULL,'2021-12-01 02:02:31','2021-12-01 02:02:31'),(123,'ropiest',NULL,'2021-12-01 02:02:31','2021-12-01 02:02:31'),(124,'lubricious',NULL,'2021-12-01 02:02:31','2021-12-01 02:02:31'),(125,'pockmarks',NULL,'2021-12-01 02:02:31','2021-12-01 02:02:31'),(126,'daneweed',NULL,'2021-12-01 02:02:31','2021-12-01 02:02:31'),(127,'formularies',NULL,'2021-12-01 02:02:31','2021-12-01 02:02:31'),(128,'whiffletrees',NULL,'2021-12-01 02:02:31','2021-12-01 02:02:31'),(129,'brainstorms',NULL,'2021-12-01 02:02:31','2021-12-01 02:02:31'),(130,'rulable',NULL,'2021-12-01 02:02:31','2021-12-01 02:02:31'),(131,'cape',NULL,'2021-12-01 02:02:31','2021-12-01 02:02:31'),(132,'teenage',NULL,'2021-12-01 02:02:31','2021-12-01 02:02:31'),(133,'discretely',NULL,'2021-12-01 02:02:31','2021-12-01 02:02:31'),(134,'credenda',NULL,'2021-12-01 02:02:31','2021-12-01 02:02:31'),(135,'samariums',NULL,'2021-12-01 02:02:31','2021-12-01 02:02:31'),(136,'slavocracy',NULL,'2021-12-01 02:02:31','2021-12-01 02:02:31'),(137,'copresent',NULL,'2021-12-01 02:02:31','2021-12-01 02:02:31'),(138,'imboldened',NULL,'2021-12-01 02:02:31','2021-12-01 02:02:31'),(139,'embattles',NULL,'2021-12-01 02:02:31','2021-12-01 02:02:31'),(140,'unchain',NULL,'2021-12-01 02:02:31','2021-12-01 02:02:31'),(141,'begirding',NULL,'2021-12-01 02:02:31','2021-12-01 02:02:31'),(142,'photogeologies',NULL,'2021-12-01 02:02:31','2021-12-01 02:02:31'),(143,'upsteps',NULL,'2021-12-01 02:02:31','2021-12-01 02:02:31'),(144,'onloaded',NULL,'2021-12-01 02:02:31','2021-12-01 02:02:31'),(145,'winchers',NULL,'2021-12-01 02:02:31','2021-12-01 02:02:31'),(146,'flambeing',NULL,'2021-12-01 02:02:31','2021-12-01 02:02:31'),(147,'pricker',NULL,'2021-12-01 02:02:31','2021-12-01 02:02:31'),(148,'innerving',NULL,'2021-12-01 02:02:31','2021-12-01 02:02:31'),(149,'framing',NULL,'2021-12-01 02:02:31','2021-12-01 02:02:31'),(150,'plower',NULL,'2021-12-01 02:02:31','2021-12-01 02:02:31'),(151,'tellurium',NULL,'2021-12-01 02:02:31','2021-12-01 02:02:31'),(152,'myositises',NULL,'2021-12-01 02:02:31','2021-12-01 02:02:31'),(153,'sapodillas',NULL,'2021-12-01 02:02:31','2021-12-01 02:02:31'),(154,'chalazal',NULL,'2021-12-01 02:02:31','2021-12-01 02:02:31'),(155,'debouches',NULL,'2021-12-01 02:02:31','2021-12-01 02:02:31'),(156,'osteomyelitis',NULL,'2021-12-01 02:02:31','2021-12-01 02:02:31'),(157,'lectionary',NULL,'2021-12-01 02:02:31','2021-12-01 02:02:31'),(158,'pistareen',NULL,'2021-12-01 02:02:31','2021-12-01 02:02:31'),(159,'deerhound',NULL,'2021-12-01 02:02:31','2021-12-01 02:02:31'),(160,'propagandas',NULL,'2021-12-01 02:02:31','2021-12-01 02:02:31'),(161,'speciousness',NULL,'2021-12-01 02:02:31','2021-12-01 02:02:31'),(162,'unideal',NULL,'2021-12-01 02:02:31','2021-12-01 02:02:31'),(163,'equates',NULL,'2021-12-01 02:02:31','2021-12-01 02:02:31'),(164,'observable',NULL,'2021-12-01 02:02:31','2021-12-01 02:02:31'),(165,'psychobabblers',NULL,'2021-12-01 02:02:31','2021-12-01 02:02:31'),(166,'distal',NULL,'2021-12-01 02:02:31','2021-12-01 02:02:31'),(167,'prepricing',NULL,'2021-12-01 02:02:31','2021-12-01 02:02:31'),(168,'franking',NULL,'2021-12-01 02:02:31','2021-12-01 02:02:31'),(169,'trachles',NULL,'2021-12-01 02:02:31','2021-12-01 02:02:31'),(170,'watchmakings',NULL,'2021-12-01 02:02:31','2021-12-01 02:02:31'),(171,'groyne',NULL,'2021-12-01 02:02:31','2021-12-01 02:02:31'),(172,'revenues',NULL,'2021-12-01 02:02:31','2021-12-01 02:02:31'),(173,'indicated',NULL,'2021-12-01 02:02:31','2021-12-01 02:02:31'),(174,'disprovals',NULL,'2021-12-01 02:02:31','2021-12-01 02:02:31'),(175,'reenlists',NULL,'2021-12-01 02:02:31','2021-12-01 02:02:31'),(176,'shabbatot',NULL,'2021-12-01 02:02:31','2021-12-01 02:02:31'),(177,'hoactzines',NULL,'2021-12-01 02:02:31','2021-12-01 02:02:31'),(178,'inpatients',NULL,'2021-12-01 02:02:31','2021-12-01 02:02:31'),(179,'lithopone',NULL,'2021-12-01 02:02:31','2021-12-01 02:02:31'),(180,'waltzers',NULL,'2021-12-01 02:02:31','2021-12-01 02:02:31'),(181,'rescreen',NULL,'2021-12-01 02:02:31','2021-12-01 02:02:31'),(182,'volitant',NULL,'2021-12-01 02:02:31','2021-12-01 02:02:31'),(183,'pellagrins',NULL,'2021-12-01 02:02:31','2021-12-01 02:02:31'),(184,'injects',NULL,'2021-12-01 02:02:31','2021-12-01 02:02:31'),(185,'decapitated',NULL,'2021-12-01 02:02:31','2021-12-01 02:02:31'),(186,'falcon',NULL,'2021-12-01 02:02:31','2021-12-01 02:02:31'),(187,'betels',NULL,'2021-12-01 02:02:31','2021-12-01 02:02:31'),(188,'uredinia',NULL,'2021-12-01 02:02:31','2021-12-01 02:02:31'),(189,'cornerways',NULL,'2021-12-01 02:02:31','2021-12-01 02:02:31'),(190,'basin',NULL,'2021-12-01 02:02:31','2021-12-01 02:02:31'),(191,'outrebounding',NULL,'2021-12-01 02:02:31','2021-12-01 02:02:31'),(192,'serologists',NULL,'2021-12-01 02:02:31','2021-12-01 02:02:31'),(193,'slackened',NULL,'2021-12-01 02:02:31','2021-12-01 02:02:31'),(194,'absolvers',NULL,'2021-12-01 02:02:31','2021-12-01 02:02:31'),(195,'leatherleaf',NULL,'2021-12-01 02:02:31','2021-12-01 02:02:31'),(196,'ectogenic',NULL,'2021-12-01 02:02:31','2021-12-01 02:02:31'),(197,'holdalls',NULL,'2021-12-01 02:02:31','2021-12-01 02:02:31'),(198,'biomarker',NULL,'2021-12-01 02:02:31','2021-12-01 02:02:31'),(199,'dharma',NULL,'2021-12-01 02:02:31','2021-12-01 02:02:31'),(200,'corecipients',NULL,'2021-12-01 02:02:31','2021-12-01 02:02:31'),(201,'kythed',NULL,'2021-12-01 02:02:31','2021-12-01 02:02:31'),(202,'ponderousnesses',NULL,'2021-12-01 02:02:31','2021-12-01 02:02:31'),(203,'reediness',NULL,'2021-12-01 02:02:31','2021-12-01 02:02:31'),(204,'stigmatized',NULL,'2021-12-01 02:02:31','2021-12-01 02:02:31'),(205,'thriftlessly',NULL,'2021-12-01 02:02:31','2021-12-01 02:02:31'),(206,'unreality',NULL,'2021-12-01 02:02:31','2021-12-01 02:02:31'),(207,'trochophore',NULL,'2021-12-01 02:02:31','2021-12-01 02:02:31'),(208,'bandbox',NULL,'2021-12-01 02:02:31','2021-12-01 02:02:31'),(209,'pasteurizing',NULL,'2021-12-01 02:02:31','2021-12-01 02:02:31'),(210,'maid',NULL,'2021-12-01 02:02:31','2021-12-01 02:02:31'),(211,'crept',NULL,'2021-12-01 02:02:31','2021-12-01 02:02:31'),(212,'chamfrons',NULL,'2021-12-01 02:02:31','2021-12-01 02:02:31'),(213,'sigmoidally',NULL,'2021-12-01 02:02:31','2021-12-01 02:02:31'),(214,'misspent',NULL,'2021-12-01 02:02:31','2021-12-01 02:02:31'),(215,'populous',NULL,'2021-12-01 02:02:31','2021-12-01 02:02:31'),(216,'comitial',NULL,'2021-12-01 02:02:31','2021-12-01 02:02:31'),(217,'deaconesses',NULL,'2021-12-01 02:02:31','2021-12-01 02:02:31'),(218,'tropaeolums',NULL,'2021-12-01 02:02:31','2021-12-01 02:02:31'),(219,'trimerisms',NULL,'2021-12-01 02:02:31','2021-12-01 02:02:31'),(220,'biomaterial',NULL,'2021-12-01 02:02:31','2021-12-01 02:02:31'),(221,'atmans',NULL,'2021-12-01 02:02:31','2021-12-01 02:02:31'),(222,'frizzer',NULL,'2021-12-01 02:02:31','2021-12-01 02:02:31'),(223,'moping',NULL,'2021-12-01 02:02:31','2021-12-01 02:02:31'),(224,'misconduct',NULL,'2021-12-01 02:02:31','2021-12-01 02:02:31'),(225,'apostrophise',NULL,'2021-12-01 02:02:31','2021-12-01 02:02:31'),(226,'grindelia',NULL,'2021-12-01 02:02:31','2021-12-01 02:02:31'),(227,'complexifies',NULL,'2021-12-01 02:02:31','2021-12-01 02:02:31'),(228,'senior',NULL,'2021-12-01 02:02:31','2021-12-01 02:02:31'),(229,'maniple',NULL,'2021-12-01 02:02:31','2021-12-01 02:02:31'),(230,'inexorability',NULL,'2021-12-01 02:02:31','2021-12-01 02:02:31'),(231,'nicknaming',NULL,'2021-12-01 02:02:31','2021-12-01 02:02:31'),(232,'paratactical',NULL,'2021-12-01 02:02:31','2021-12-01 02:02:31'),(233,'bouleversements',NULL,'2021-12-01 02:02:31','2021-12-01 02:02:31'),(234,'hexone',NULL,'2021-12-01 02:02:31','2021-12-01 02:02:31'),(235,'milligal',NULL,'2021-12-01 02:02:31','2021-12-01 02:02:31'),(236,'milkwoods',NULL,'2021-12-01 02:02:31','2021-12-01 02:02:31'),(237,'foolhardinesses',NULL,'2021-12-01 02:02:31','2021-12-01 02:02:31'),(238,'racked',NULL,'2021-12-01 02:02:31','2021-12-01 02:02:31'),(239,'sumo',NULL,'2021-12-01 02:02:31','2021-12-01 02:02:31'),(240,'wireman',NULL,'2021-12-01 02:02:31','2021-12-01 02:02:31'),(241,'unicamerally',NULL,'2021-12-01 02:02:31','2021-12-01 02:02:31'),(242,'schizont',NULL,'2021-12-01 02:02:31','2021-12-01 02:02:31'),(243,'midiskirts',NULL,'2021-12-01 02:02:31','2021-12-01 02:02:31'),(244,'prelusions',NULL,'2021-12-01 02:02:31','2021-12-01 02:02:31'),(245,'orcein',NULL,'2021-12-01 02:02:31','2021-12-01 02:02:31'),(246,'dumbfounds',NULL,'2021-12-01 02:02:31','2021-12-01 02:02:31'),(247,'cathartic',NULL,'2021-12-01 02:02:31','2021-12-01 02:02:31'),(248,'sequoias',NULL,'2021-12-01 02:02:31','2021-12-01 02:02:31'),(249,'lateritic',NULL,'2021-12-01 02:02:31','2021-12-01 02:02:31'),(250,'genetical',NULL,'2021-12-01 02:02:31','2021-12-01 02:02:31'),(251,'nonwage',NULL,'2021-12-01 02:02:31','2021-12-01 02:02:31'),(252,'subtrend',NULL,'2021-12-01 02:02:31','2021-12-01 02:02:31'),(253,'mandolin',NULL,'2021-12-01 02:02:31','2021-12-01 02:02:31'),(254,'clubbish',NULL,'2021-12-01 02:02:31','2021-12-01 02:02:31'),(255,'scandium',NULL,'2021-12-01 02:02:31','2021-12-01 02:02:31'),(256,'jowars',NULL,'2021-12-01 02:02:31','2021-12-01 02:02:31'),(257,'cleveites',NULL,'2021-12-01 02:02:31','2021-12-01 02:02:31'),(258,'blaxploitations',NULL,'2021-12-01 02:02:31','2021-12-01 02:02:31'),(259,'rampager',NULL,'2021-12-01 02:02:31','2021-12-01 02:02:31'),(260,'photoproducts',NULL,'2021-12-01 02:02:31','2021-12-01 02:02:31'),(261,'fallback',NULL,'2021-12-01 02:02:31','2021-12-01 02:02:31'),(262,'sultan',NULL,'2021-12-01 02:02:31','2021-12-01 02:02:31'),(263,'musth',NULL,'2021-12-01 02:02:31','2021-12-01 02:02:31'),(264,'hollands',NULL,'2021-12-01 02:02:31','2021-12-01 02:02:31'),(265,'waterfowl',NULL,'2021-12-01 02:02:31','2021-12-01 02:02:31'),(266,'fissioned',NULL,'2021-12-01 02:02:31','2021-12-01 02:02:31'),(267,'ambery',NULL,'2021-12-01 02:02:31','2021-12-01 02:02:31'),(268,'balkanize',NULL,'2021-12-01 02:02:31','2021-12-01 02:02:31'),(269,'drunkenly',NULL,'2021-12-01 02:02:31','2021-12-01 02:02:31'),(270,'dossil',NULL,'2021-12-01 02:02:31','2021-12-01 02:02:31'),(271,'psychotropic',NULL,'2021-12-01 02:02:31','2021-12-01 02:02:31'),(272,'arousers',NULL,'2021-12-01 02:02:31','2021-12-01 02:02:31'),(273,'iffiest',NULL,'2021-12-01 02:02:31','2021-12-01 02:02:31'),(274,'inebriant',NULL,'2021-12-01 02:02:31','2021-12-01 02:02:31'),(275,'corticotropin',NULL,'2021-12-01 02:02:31','2021-12-01 02:02:31'),(276,'unavoidable',NULL,'2021-12-01 02:02:31','2021-12-01 02:02:31'),(277,'linings',NULL,'2021-12-01 02:02:31','2021-12-01 02:02:31'),(278,'tribalisms',NULL,'2021-12-01 02:02:31','2021-12-01 02:02:31'),(279,'quoted',NULL,'2021-12-01 02:02:31','2021-12-01 02:02:31'),(280,'homicidal',NULL,'2021-12-01 02:02:31','2021-12-01 02:02:31'),(281,'commandos',NULL,'2021-12-01 02:02:31','2021-12-01 02:02:31'),(282,'amphimixis',NULL,'2021-12-01 02:02:31','2021-12-01 02:02:31'),(283,'blowsier',NULL,'2021-12-01 02:02:31','2021-12-01 02:02:31'),(284,'peptalks',NULL,'2021-12-01 02:02:31','2021-12-01 02:02:31'),(285,'remissible',NULL,'2021-12-01 02:02:31','2021-12-01 02:02:31'),(286,'zymolysis',NULL,'2021-12-01 02:02:31','2021-12-01 02:02:31'),(287,'seraph',NULL,'2021-12-01 02:02:31','2021-12-01 02:02:31'),(288,'beswarmed',NULL,'2021-12-01 02:02:31','2021-12-01 02:02:31'),(289,'uninterrupted',NULL,'2021-12-01 02:02:31','2021-12-01 02:02:31'),(290,'khat',NULL,'2021-12-01 02:02:31','2021-12-01 02:02:31'),(291,'dioramic',NULL,'2021-12-01 02:02:31','2021-12-01 02:02:31'),(292,'hyalogen',NULL,'2021-12-01 02:02:31','2021-12-01 02:02:31'),(293,'prayer',NULL,'2021-12-01 02:02:31','2021-12-01 02:02:31'),(294,'tenant',NULL,'2021-12-01 02:02:31','2021-12-01 02:02:31'),(295,'entrench',NULL,'2021-12-01 02:02:31','2021-12-01 02:02:31'),(296,'positroniums',NULL,'2021-12-01 02:02:31','2021-12-01 02:02:31'),(297,'diplomate',NULL,'2021-12-01 02:02:31','2021-12-01 02:02:31'),(298,'feldspars',NULL,'2021-12-01 02:02:31','2021-12-01 02:02:31'),(299,'logging',NULL,'2021-12-01 02:02:31','2021-12-01 02:02:31'),(300,'depainted',NULL,'2021-12-01 02:02:31','2021-12-01 02:02:31'),(301,'diamagnet',NULL,'2021-12-01 02:02:31','2021-12-01 02:02:31'),(302,'microanalyses',NULL,'2021-12-01 02:02:31','2021-12-01 02:02:31'),(303,'bumper',NULL,'2021-12-01 02:02:31','2021-12-01 02:02:31'),(304,'left',NULL,'2021-12-01 02:02:31','2021-12-01 02:02:31'),(305,'suldan',NULL,'2021-12-01 02:02:31','2021-12-01 02:02:31'),(306,'shool',NULL,'2021-12-01 02:02:31','2021-12-01 02:02:31'),(307,'ingestions',NULL,'2021-12-01 02:02:31','2021-12-01 02:02:31'),(308,'resits',NULL,'2021-12-01 02:02:31','2021-12-01 02:02:31'),(309,'annihilator',NULL,'2021-12-01 02:02:31','2021-12-01 02:02:31'),(310,'oversoak',NULL,'2021-12-01 02:02:31','2021-12-01 02:02:31'),(311,'radiolysis',NULL,'2021-12-01 02:02:31','2021-12-01 02:02:31'),(312,'accessorize',NULL,'2021-12-01 02:02:31','2021-12-01 02:02:31'),(313,'dissatisfying',NULL,'2021-12-01 02:02:31','2021-12-01 02:02:31'),(314,'forehand',NULL,'2021-12-01 02:02:31','2021-12-01 02:02:31'),(315,'unsewed',NULL,'2021-12-01 02:02:31','2021-12-01 02:02:31'),(316,'tetrazzini',NULL,'2021-12-01 02:02:31','2021-12-01 02:02:31'),(317,'tanrecs',NULL,'2021-12-01 02:02:31','2021-12-01 02:02:31'),(318,'tecta',NULL,'2021-12-01 02:02:31','2021-12-01 02:02:31'),(319,'diaphysis',NULL,'2021-12-01 02:02:31','2021-12-01 02:02:31'),(320,'confuters',NULL,'2021-12-01 02:02:31','2021-12-01 02:02:31'),(321,'prodromic',NULL,'2021-12-01 02:02:31','2021-12-01 02:02:31'),(322,'homogeny',NULL,'2021-12-01 02:02:31','2021-12-01 02:02:31'),(323,'disbudding',NULL,'2021-12-01 02:02:31','2021-12-01 02:02:31'),(324,'cowshed',NULL,'2021-12-01 02:02:31','2021-12-01 02:02:31'),(325,'apostatized',NULL,'2021-12-01 02:02:31','2021-12-01 02:02:31'),(326,'moil',NULL,'2021-12-01 02:02:31','2021-12-01 02:02:31'),(327,'handkerchiefs',NULL,'2021-12-01 02:02:31','2021-12-01 02:02:31'),(328,'respected',NULL,'2021-12-01 02:02:31','2021-12-01 02:02:31'),(329,'superminds',NULL,'2021-12-01 02:02:31','2021-12-01 02:02:31'),(330,'inviolacies',NULL,'2021-12-01 02:02:31','2021-12-01 02:02:31'),(331,'footballers',NULL,'2021-12-01 02:02:31','2021-12-01 02:02:31'),(332,'sugarier',NULL,'2021-12-01 02:02:31','2021-12-01 02:02:31'),(333,'glugs',NULL,'2021-12-01 02:02:31','2021-12-01 02:02:31'),(334,'unplayable',NULL,'2021-12-01 02:02:31','2021-12-01 02:02:31'),(335,'stenchiest',NULL,'2021-12-01 02:02:31','2021-12-01 02:02:31'),(336,'smidgin',NULL,'2021-12-01 02:02:31','2021-12-01 02:02:31'),(337,'twinkly',NULL,'2021-12-01 02:02:31','2021-12-01 02:02:31'),(338,'bustards',NULL,'2021-12-01 02:02:31','2021-12-01 02:02:31'),(339,'upsetting',NULL,'2021-12-01 02:02:31','2021-12-01 02:02:31'),(340,'nonelection',NULL,'2021-12-01 02:02:31','2021-12-01 02:02:31'),(341,'dayfly',NULL,'2021-12-01 02:02:31','2021-12-01 02:02:31'),(342,'duplexing',NULL,'2021-12-01 02:02:31','2021-12-01 02:02:31'),(343,'cinemagoers',NULL,'2021-12-01 02:02:31','2021-12-01 02:02:31'),(344,'morgue',NULL,'2021-12-01 02:02:31','2021-12-01 02:02:31'),(345,'kinnikinnicks',NULL,'2021-12-01 02:02:31','2021-12-01 02:02:31'),(346,'synesthetic',NULL,'2021-12-01 02:02:31','2021-12-01 02:02:31'),(347,'monocotyls',NULL,'2021-12-01 02:02:31','2021-12-01 02:02:31'),(348,'firs',NULL,'2021-12-01 02:02:31','2021-12-01 02:02:31'),(349,'proficients',NULL,'2021-12-01 02:02:31','2021-12-01 02:02:31'),(350,'sterilised',NULL,'2021-12-01 02:02:31','2021-12-01 02:02:31'),(351,'semicircular',NULL,'2021-12-01 02:02:31','2021-12-01 02:02:31'),(352,'tasses',NULL,'2021-12-01 02:02:31','2021-12-01 02:02:31'),(353,'reboring',NULL,'2021-12-01 02:02:31','2021-12-01 02:02:31'),(354,'insides',NULL,'2021-12-01 02:02:31','2021-12-01 02:02:31'),(355,'taiga',NULL,'2021-12-01 02:02:31','2021-12-01 02:02:31'),(356,'halations',NULL,'2021-12-01 02:02:31','2021-12-01 02:02:31'),(357,'plowmen',NULL,'2021-12-01 02:02:31','2021-12-01 02:02:31'),(358,'polemically',NULL,'2021-12-01 02:02:31','2021-12-01 02:02:31'),(359,'blaming',NULL,'2021-12-01 02:02:31','2021-12-01 02:02:31'),(360,'patronizations',NULL,'2021-12-01 02:02:31','2021-12-01 02:02:31'),(361,'vegetations',NULL,'2021-12-01 02:02:31','2021-12-01 02:02:31'),(362,'unstintingly',NULL,'2021-12-01 02:02:31','2021-12-01 02:02:31'),(363,'teasable',NULL,'2021-12-01 02:02:31','2021-12-01 02:02:31'),(364,'copartnered',NULL,'2021-12-01 02:02:31','2021-12-01 02:02:31'),(365,'nonsurgical',NULL,'2021-12-01 02:02:31','2021-12-01 02:02:31'),(366,'ravines',NULL,'2021-12-01 02:02:31','2021-12-01 02:02:31'),(367,'malefic',NULL,'2021-12-01 02:02:31','2021-12-01 02:02:31'),(368,'regionalizing',NULL,'2021-12-01 02:02:31','2021-12-01 02:02:31'),(369,'caws',NULL,'2021-12-01 02:02:31','2021-12-01 02:02:31'),(370,'unflappably',NULL,'2021-12-01 02:02:31','2021-12-01 02:02:31'),(371,'ikat',NULL,'2021-12-01 02:02:31','2021-12-01 02:02:31'),(372,'vesicates',NULL,'2021-12-01 02:02:31','2021-12-01 02:02:31'),(373,'disrepair',NULL,'2021-12-01 02:02:31','2021-12-01 02:02:31'),(374,'addle',NULL,'2021-12-01 02:02:31','2021-12-01 02:02:31'),(375,'ovule',NULL,'2021-12-01 02:02:31','2021-12-01 02:02:31'),(376,'takas',NULL,'2021-12-01 02:02:31','2021-12-01 02:02:31'),(377,'tantalums',NULL,'2021-12-01 02:02:31','2021-12-01 02:02:31'),(378,'bioluminescent',NULL,'2021-12-01 02:02:31','2021-12-01 02:02:31'),(379,'synodal',NULL,'2021-12-01 02:02:31','2021-12-01 02:02:31'),(380,'gumma',NULL,'2021-12-01 02:02:31','2021-12-01 02:02:31'),(381,'escaroles',NULL,'2021-12-01 02:02:31','2021-12-01 02:02:31'),(382,'buoyage',NULL,'2021-12-01 02:02:31','2021-12-01 02:02:31'),(383,'tannest',NULL,'2021-12-01 02:02:31','2021-12-01 02:02:31'),(384,'technophobic',NULL,'2021-12-01 02:02:31','2021-12-01 02:02:31'),(385,'waives',NULL,'2021-12-01 02:02:31','2021-12-01 02:02:31'),(386,'pugilism',NULL,'2021-12-01 02:02:31','2021-12-01 02:02:31'),(387,'arquebus',NULL,'2021-12-01 02:02:31','2021-12-01 02:02:31'),(388,'shairns',NULL,'2021-12-01 02:02:31','2021-12-01 02:02:31'),(389,'garnisher',NULL,'2021-12-01 02:02:31','2021-12-01 02:02:31'),(390,'ultraexclusive',NULL,'2021-12-01 02:02:31','2021-12-01 02:02:31'),(391,'deorbits',NULL,'2021-12-01 02:02:31','2021-12-01 02:02:31'),(392,'dialysers',NULL,'2021-12-01 02:02:31','2021-12-01 02:02:31'),(393,'whinchats',NULL,'2021-12-01 02:02:31','2021-12-01 02:02:31'),(394,'operagoing',NULL,'2021-12-01 02:02:31','2021-12-01 02:02:31'),(395,'ranted',NULL,'2021-12-01 02:02:31','2021-12-01 02:02:31'),(396,'hotshot',NULL,'2021-12-01 02:02:31','2021-12-01 02:02:31'),(397,'premisses',NULL,'2021-12-01 02:02:31','2021-12-01 02:02:31'),(398,'rimmed',NULL,'2021-12-01 02:02:31','2021-12-01 02:02:31'),(399,'revests',NULL,'2021-12-01 02:02:31','2021-12-01 02:02:31'),(400,'noxiously',NULL,'2021-12-01 02:02:31','2021-12-01 02:02:31'),(401,'sleaves',NULL,'2021-12-01 02:02:31','2021-12-01 02:02:31'),(402,'pillboxes',NULL,'2021-12-01 02:02:31','2021-12-01 02:02:31'),(403,'homologous',NULL,'2021-12-01 02:02:31','2021-12-01 02:02:31'),(404,'zirconiums',NULL,'2021-12-01 02:02:31','2021-12-01 02:02:31'),(405,'wieldable',NULL,'2021-12-01 02:02:31','2021-12-01 02:02:31'),(406,'boustrophedons',NULL,'2021-12-01 02:02:31','2021-12-01 02:02:31'),(407,'viewlessly',NULL,'2021-12-01 02:02:31','2021-12-01 02:02:31'),(408,'apparels',NULL,'2021-12-01 02:02:31','2021-12-01 02:02:31'),(409,'nonstructural',NULL,'2021-12-01 02:02:31','2021-12-01 02:02:31'),(410,'mandamus',NULL,'2021-12-01 02:02:31','2021-12-01 02:02:31'),(411,'photosyntheses',NULL,'2021-12-01 02:02:31','2021-12-01 02:02:31'),(412,'baldachinos',NULL,'2021-12-01 02:02:31','2021-12-01 02:02:31'),(413,'transfiguration',NULL,'2021-12-01 02:02:31','2021-12-01 02:02:31'),(414,'mullah',NULL,'2021-12-01 02:02:31','2021-12-01 02:02:31'),(415,'inhibits',NULL,'2021-12-01 02:02:31','2021-12-01 02:02:31'),(416,'unlovelinesses',NULL,'2021-12-01 02:02:31','2021-12-01 02:02:31'),(417,'coevolution',NULL,'2021-12-01 02:02:31','2021-12-01 02:02:31'),(418,'richens',NULL,'2021-12-01 02:02:31','2021-12-01 02:02:31'),(419,'mineralised',NULL,'2021-12-01 02:02:31','2021-12-01 02:02:31'),(420,'bouncing',NULL,'2021-12-01 02:02:31','2021-12-01 02:02:31'),(421,'cuittled',NULL,'2021-12-01 02:02:31','2021-12-01 02:02:31'),(422,'taches',NULL,'2021-12-01 02:02:31','2021-12-01 02:02:31'),(423,'monetize',NULL,'2021-12-01 02:02:31','2021-12-01 02:02:31'),(424,'alienability',NULL,'2021-12-01 02:02:31','2021-12-01 02:02:31'),(425,'resees',NULL,'2021-12-01 02:02:31','2021-12-01 02:02:31'),(426,'incuriousnesses',NULL,'2021-12-01 02:02:31','2021-12-01 02:02:31'),(427,'photoduplicate',NULL,'2021-12-01 02:02:31','2021-12-01 02:02:31'),(428,'fractionalized',NULL,'2021-12-01 02:02:31','2021-12-01 02:02:31'),(429,'stuffiest',NULL,'2021-12-01 02:02:31','2021-12-01 02:02:31'),(430,'incunabulum',NULL,'2021-12-01 02:02:31','2021-12-01 02:02:31'),(431,'strip',NULL,'2021-12-01 02:02:31','2021-12-01 02:02:31'),(432,'roseslugs',NULL,'2021-12-01 02:02:31','2021-12-01 02:02:31'),(433,'disinterring',NULL,'2021-12-01 02:02:31','2021-12-01 02:02:31'),(434,'burgoos',NULL,'2021-12-01 02:02:31','2021-12-01 02:02:31'),(435,'distinction',NULL,'2021-12-01 02:02:31','2021-12-01 02:02:31'),(436,'shareholder',NULL,'2021-12-01 02:02:31','2021-12-01 02:02:31'),(437,'effort',NULL,'2021-12-01 02:02:31','2021-12-01 02:02:31'),(438,'nonimage',NULL,'2021-12-01 02:02:31','2021-12-01 02:02:31'),(439,'outpities',NULL,'2021-12-01 02:02:31','2021-12-01 02:02:31'),(440,'whammo',NULL,'2021-12-01 02:02:31','2021-12-01 02:02:31'),(441,'commanders',NULL,'2021-12-01 02:02:31','2021-12-01 02:02:31'),(442,'anting',NULL,'2021-12-01 02:02:31','2021-12-01 02:02:31'),(443,'noontides',NULL,'2021-12-01 02:02:31','2021-12-01 02:02:31'),(444,'cymes',NULL,'2021-12-01 02:02:31','2021-12-01 02:02:31'),(445,'bouleversement',NULL,'2021-12-01 02:02:31','2021-12-01 02:02:31'),(446,'tangled',NULL,'2021-12-01 02:02:31','2021-12-01 02:02:31'),(447,'becoming',NULL,'2021-12-01 02:02:31','2021-12-01 02:02:31'),(448,'defenses',NULL,'2021-12-01 02:02:31','2021-12-01 02:02:31'),(449,'supplejacks',NULL,'2021-12-01 02:02:31','2021-12-01 02:02:31'),(450,'congeneric',NULL,'2021-12-01 02:02:31','2021-12-01 02:02:31'),(451,'taskbars',NULL,'2021-12-01 02:02:31','2021-12-01 02:02:31'),(452,'cordwood',NULL,'2021-12-01 02:02:31','2021-12-01 02:02:31'),(453,'septennial',NULL,'2021-12-01 02:02:31','2021-12-01 02:02:31'),(454,'lobotomies',NULL,'2021-12-01 02:02:31','2021-12-01 02:02:31'),(455,'nondecisions',NULL,'2021-12-01 02:02:31','2021-12-01 02:02:31'),(456,'philanthropoid',NULL,'2021-12-01 02:02:31','2021-12-01 02:02:31'),(457,'haji',NULL,'2021-12-01 02:02:31','2021-12-01 02:02:31'),(458,'embrown',NULL,'2021-12-01 02:02:31','2021-12-01 02:02:31'),(459,'apprehending',NULL,'2021-12-01 02:02:31','2021-12-01 02:02:31'),(460,'dustup',NULL,'2021-12-01 02:02:31','2021-12-01 02:02:31'),(461,'quested',NULL,'2021-12-01 02:02:31','2021-12-01 02:02:31'),(462,'prussianizes',NULL,'2021-12-01 02:02:31','2021-12-01 02:02:31'),(463,'garget',NULL,'2021-12-01 02:02:31','2021-12-01 02:02:31'),(464,'communes',NULL,'2021-12-01 02:02:31','2021-12-01 02:02:31'),(465,'preambled',NULL,'2021-12-01 02:02:31','2021-12-01 02:02:31'),(466,'henequen',NULL,'2021-12-01 02:02:31','2021-12-01 02:02:31'),(467,'instincts',NULL,'2021-12-01 02:02:31','2021-12-01 02:02:31'),(468,'summonses',NULL,'2021-12-01 02:02:31','2021-12-01 02:02:31'),(469,'malices',NULL,'2021-12-01 02:02:31','2021-12-01 02:02:31'),(470,'distemperatures',NULL,'2021-12-01 02:02:31','2021-12-01 02:02:31'),(471,'signage',NULL,'2021-12-01 02:02:31','2021-12-01 02:02:31'),(472,'ceramide',NULL,'2021-12-01 02:02:31','2021-12-01 02:02:31'),(473,'reproachable',NULL,'2021-12-01 02:02:31','2021-12-01 02:02:31'),(474,'sententiae',NULL,'2021-12-01 02:02:31','2021-12-01 02:02:31'),(475,'tabulis',NULL,'2021-12-01 02:02:31','2021-12-01 02:02:31'),(476,'cheerinesses',NULL,'2021-12-01 02:02:31','2021-12-01 02:02:31'),(477,'underactivity',NULL,'2021-12-01 02:02:31','2021-12-01 02:02:31'),(478,'mishits',NULL,'2021-12-01 02:02:31','2021-12-01 02:02:31'),(479,'backrooms',NULL,'2021-12-01 02:02:31','2021-12-01 02:02:31'),(480,'chromaticisms',NULL,'2021-12-01 02:02:31','2021-12-01 02:02:31'),(481,'degenerations',NULL,'2021-12-01 02:02:31','2021-12-01 02:02:31'),(482,'ranids',NULL,'2021-12-01 02:02:31','2021-12-01 02:02:31'),(483,'rampike',NULL,'2021-12-01 02:02:31','2021-12-01 02:02:31'),(484,'postgrad',NULL,'2021-12-01 02:02:31','2021-12-01 02:02:31'),(485,'pinnas',NULL,'2021-12-01 02:02:31','2021-12-01 02:02:31'),(486,'comprehension',NULL,'2021-12-01 02:02:31','2021-12-01 02:02:31'),(487,'brazens',NULL,'2021-12-01 02:02:31','2021-12-01 02:02:31'),(488,'damars',NULL,'2021-12-01 02:02:31','2021-12-01 02:02:31'),(489,'sulfinyl',NULL,'2021-12-01 02:02:31','2021-12-01 02:02:31'),(490,'fashioned',NULL,'2021-12-01 02:02:31','2021-12-01 02:02:31'),(491,'rube',NULL,'2021-12-01 02:02:31','2021-12-01 02:02:31'),(492,'waggliest',NULL,'2021-12-01 02:02:31','2021-12-01 02:02:31'),(493,'perfecta',NULL,'2021-12-01 02:02:31','2021-12-01 02:02:31'),(494,'ribless',NULL,'2021-12-01 02:02:31','2021-12-01 02:02:31'),(495,'valeted',NULL,'2021-12-01 02:02:31','2021-12-01 02:02:31'),(496,'tossing',NULL,'2021-12-01 02:02:31','2021-12-01 02:02:31'),(497,'sheepberry',NULL,'2021-12-01 02:02:31','2021-12-01 02:02:31'),(498,'hyperthermias',NULL,'2021-12-01 02:02:31','2021-12-01 02:02:31'),(499,'overclassified',NULL,'2021-12-01 02:02:31','2021-12-01 02:02:31'),(500,'misperceive',NULL,'2021-12-01 02:02:31','2021-12-01 02:02:31'),(501,'barleycorns',NULL,'2021-12-01 02:02:31','2021-12-01 02:02:31'),(502,'updated',NULL,'2021-12-01 02:02:31','2021-12-01 02:02:31'),(503,'accessioning',NULL,'2021-12-01 02:02:31','2021-12-01 02:02:31'),(504,'cosh',NULL,'2021-12-01 02:02:31','2021-12-01 02:02:31'),(505,'panhandling',NULL,'2021-12-01 02:02:31','2021-12-01 02:02:31'),(506,'sweeteners',NULL,'2021-12-01 02:02:31','2021-12-01 02:02:31'),(507,'licencee',NULL,'2021-12-01 02:02:31','2021-12-01 02:02:31'),(508,'pancreatins',NULL,'2021-12-01 02:02:31','2021-12-01 02:02:31'),(509,'spruces',NULL,'2021-12-01 02:02:31','2021-12-01 02:02:31'),(510,'kists',NULL,'2021-12-01 02:02:31','2021-12-01 02:02:31'),(511,'dirty',NULL,'2021-12-01 02:02:31','2021-12-01 02:02:31'),(512,'collaborated',NULL,'2021-12-01 02:02:31','2021-12-01 02:02:31'),(513,'slows',NULL,'2021-12-01 02:02:31','2021-12-01 02:02:31'),(514,'renvois',NULL,'2021-12-01 02:02:31','2021-12-01 02:02:31'),(515,'assuaging',NULL,'2021-12-01 02:02:31','2021-12-01 02:02:31'),(516,'postulational',NULL,'2021-12-01 02:02:31','2021-12-01 02:02:31'),(517,'triplicate',NULL,'2021-12-01 02:02:31','2021-12-01 02:02:31'),(518,'sulfured',NULL,'2021-12-01 02:02:31','2021-12-01 02:02:31'),(519,'insure',NULL,'2021-12-01 02:02:31','2021-12-01 02:02:31'),(520,'shank',NULL,'2021-12-01 02:02:31','2021-12-01 02:02:31'),(521,'unanesthetized',NULL,'2021-12-01 02:02:31','2021-12-01 02:02:31'),(522,'foundation',NULL,'2021-12-01 02:02:31','2021-12-01 02:02:31'),(523,'streamings',NULL,'2021-12-01 02:02:31','2021-12-01 02:02:31'),(524,'rankless',NULL,'2021-12-01 02:02:31','2021-12-01 02:02:31'),(525,'gastronomically',NULL,'2021-12-01 02:02:31','2021-12-01 02:02:31'),(526,'caliches',NULL,'2021-12-01 02:02:31','2021-12-01 02:02:31'),(527,'chronon',NULL,'2021-12-01 02:02:31','2021-12-01 02:02:31'),(528,'humoured',NULL,'2021-12-01 02:02:31','2021-12-01 02:02:31'),(529,'taroks',NULL,'2021-12-01 02:02:31','2021-12-01 02:02:31'),(530,'trepanned',NULL,'2021-12-01 02:02:31','2021-12-01 02:02:31'),(531,'stringed',NULL,'2021-12-01 02:02:31','2021-12-01 02:02:31'),(532,'periscopes',NULL,'2021-12-01 02:02:31','2021-12-01 02:02:31'),(533,'tambala',NULL,'2021-12-01 02:02:31','2021-12-01 02:02:31'),(534,'chousers',NULL,'2021-12-01 02:02:31','2021-12-01 02:02:31'),(535,'bluish',NULL,'2021-12-01 02:02:31','2021-12-01 02:02:31'),(536,'occult',NULL,'2021-12-01 02:02:31','2021-12-01 02:02:31'),(537,'fanfare',NULL,'2021-12-01 02:02:31','2021-12-01 02:02:31'),(538,'excused',NULL,'2021-12-01 02:02:31','2021-12-01 02:02:31'),(539,'rotted',NULL,'2021-12-01 02:02:31','2021-12-01 02:02:31'),(540,'magnifications',NULL,'2021-12-01 02:02:31','2021-12-01 02:02:31'),(541,'covellines',NULL,'2021-12-01 02:02:31','2021-12-01 02:02:31'),(542,'semihoboes',NULL,'2021-12-01 02:02:31','2021-12-01 02:02:31'),(543,'fatteners',NULL,'2021-12-01 02:02:31','2021-12-01 02:02:31'),(544,'bolted',NULL,'2021-12-01 02:02:31','2021-12-01 02:02:31'),(545,'oophytic',NULL,'2021-12-01 02:02:31','2021-12-01 02:02:31'),(546,'outsavors',NULL,'2021-12-01 02:02:31','2021-12-01 02:02:31'),(547,'tactually',NULL,'2021-12-01 02:02:31','2021-12-01 02:02:31'),(548,'uninteresting',NULL,'2021-12-01 02:02:31','2021-12-01 02:02:31'),(549,'authored',NULL,'2021-12-01 02:02:31','2021-12-01 02:02:31'),(550,'ambrosial',NULL,'2021-12-01 02:02:31','2021-12-01 02:02:31'),(551,'extensibilities',NULL,'2021-12-01 02:02:31','2021-12-01 02:02:31'),(552,'orts',NULL,'2021-12-01 02:02:31','2021-12-01 02:02:31'),(553,'tearstained',NULL,'2021-12-01 02:02:31','2021-12-01 02:02:31'),(554,'prerace',NULL,'2021-12-01 02:02:31','2021-12-01 02:02:31'),(555,'recomb',NULL,'2021-12-01 02:02:31','2021-12-01 02:02:31'),(556,'merchandizing',NULL,'2021-12-01 02:02:31','2021-12-01 02:02:31'),(557,'underutilize',NULL,'2021-12-01 02:02:31','2021-12-01 02:02:31'),(558,'hybridoma',NULL,'2021-12-01 02:02:31','2021-12-01 02:02:31'),(559,'coxal',NULL,'2021-12-01 02:02:31','2021-12-01 02:02:31'),(560,'grokking',NULL,'2021-12-01 02:02:31','2021-12-01 02:02:31'),(561,'substitutive',NULL,'2021-12-01 02:02:31','2021-12-01 02:02:31'),(562,'uncontrollably',NULL,'2021-12-01 02:02:31','2021-12-01 02:02:31'),(563,'plottier',NULL,'2021-12-01 02:02:31','2021-12-01 02:02:31'),(564,'dogfishes',NULL,'2021-12-01 02:02:31','2021-12-01 02:02:31'),(565,'suburbanised',NULL,'2021-12-01 02:02:31','2021-12-01 02:02:31'),(566,'advancements',NULL,'2021-12-01 02:02:31','2021-12-01 02:02:31'),(567,'delight',NULL,'2021-12-01 02:02:31','2021-12-01 02:02:31'),(568,'unstandardized',NULL,'2021-12-01 02:02:31','2021-12-01 02:02:31'),(569,'unplayed',NULL,'2021-12-01 02:02:31','2021-12-01 02:02:31'),(570,'bemingled',NULL,'2021-12-01 02:02:31','2021-12-01 02:02:31'),(571,'iodisms',NULL,'2021-12-01 02:02:31','2021-12-01 02:02:31'),(572,'extemporaneity',NULL,'2021-12-01 02:02:31','2021-12-01 02:02:31'),(573,'plaguing',NULL,'2021-12-01 02:02:31','2021-12-01 02:02:31'),(574,'ostmark',NULL,'2021-12-01 02:02:31','2021-12-01 02:02:31'),(575,'buxomness',NULL,'2021-12-01 02:02:31','2021-12-01 02:02:31'),(576,'wainscottings',NULL,'2021-12-01 02:02:31','2021-12-01 02:02:31'),(577,'woodchuck',NULL,'2021-12-01 02:02:31','2021-12-01 02:02:31'),(578,'cretics',NULL,'2021-12-01 02:02:31','2021-12-01 02:02:31'),(579,'blather',NULL,'2021-12-01 02:02:31','2021-12-01 02:02:31'),(580,'subordinative',NULL,'2021-12-01 02:02:31','2021-12-01 02:02:31'),(581,'muftis',NULL,'2021-12-01 02:02:31','2021-12-01 02:02:31'),(582,'interviewer',NULL,'2021-12-01 02:02:31','2021-12-01 02:02:31'),(583,'knappers',NULL,'2021-12-01 02:02:31','2021-12-01 02:02:31'),(584,'repolling',NULL,'2021-12-01 02:02:31','2021-12-01 02:02:31'),(585,'surrebutter',NULL,'2021-12-01 02:02:31','2021-12-01 02:02:31'),(586,'tulipwood',NULL,'2021-12-01 02:02:31','2021-12-01 02:02:31'),(587,'shucks',NULL,'2021-12-01 02:02:31','2021-12-01 02:02:31'),(588,'postbellum',NULL,'2021-12-01 02:02:31','2021-12-01 02:02:31'),(589,'kludged',NULL,'2021-12-01 02:02:31','2021-12-01 02:02:31'),(590,'riping',NULL,'2021-12-01 02:02:31','2021-12-01 02:02:31'),(591,'perceptiveness',NULL,'2021-12-01 02:02:31','2021-12-01 02:02:31'),(592,'unlabored',NULL,'2021-12-01 02:02:31','2021-12-01 02:02:31'),(593,'surfeiting',NULL,'2021-12-01 02:02:31','2021-12-01 02:02:31'),(594,'lunar',NULL,'2021-12-01 02:02:31','2021-12-01 02:02:31'),(595,'cabanas',NULL,'2021-12-01 02:02:31','2021-12-01 02:02:31'),(596,'dynels',NULL,'2021-12-01 02:02:31','2021-12-01 02:02:31'),(597,'carte',NULL,'2021-12-01 02:02:31','2021-12-01 02:02:31'),(598,'darnels',NULL,'2021-12-01 02:02:31','2021-12-01 02:02:31'),(599,'creamier',NULL,'2021-12-01 02:02:31','2021-12-01 02:02:31'),(600,'misunderstands',NULL,'2021-12-01 02:02:31','2021-12-01 02:02:31'),(601,'electricities',NULL,'2021-12-01 02:02:31','2021-12-01 02:02:31'),(602,'chaetopod',NULL,'2021-12-01 02:02:31','2021-12-01 02:02:31'),(603,'lowlanders',NULL,'2021-12-01 02:02:31','2021-12-01 02:02:31'),(604,'groin',NULL,'2021-12-01 02:02:31','2021-12-01 02:02:31'),(605,'directrixes',NULL,'2021-12-01 02:02:31','2021-12-01 02:02:31'),(606,'unexcitable',NULL,'2021-12-01 02:02:31','2021-12-01 02:02:31'),(607,'interstage',NULL,'2021-12-01 02:02:31','2021-12-01 02:02:31'),(608,'padrones',NULL,'2021-12-01 02:02:31','2021-12-01 02:02:31'),(609,'cerebellar',NULL,'2021-12-01 02:02:31','2021-12-01 02:02:31'),(610,'obturators',NULL,'2021-12-01 02:02:31','2021-12-01 02:02:31'),(611,'dusking',NULL,'2021-12-01 02:02:31','2021-12-01 02:02:31'),(612,'stairheads',NULL,'2021-12-01 02:02:31','2021-12-01 02:02:31'),(613,'lickerish',NULL,'2021-12-01 02:02:31','2021-12-01 02:02:31'),(614,'potholders',NULL,'2021-12-01 02:02:31','2021-12-01 02:02:31'),(615,'chibouques',NULL,'2021-12-01 02:02:31','2021-12-01 02:02:31'),(616,'litas',NULL,'2021-12-01 02:02:31','2021-12-01 02:02:31'),(617,'bragged',NULL,'2021-12-01 02:02:31','2021-12-01 02:02:31'),(618,'rippers',NULL,'2021-12-01 02:02:31','2021-12-01 02:02:31'),(619,'kything',NULL,'2021-12-01 02:02:31','2021-12-01 02:02:31'),(620,'mayoress',NULL,'2021-12-01 02:02:31','2021-12-01 02:02:31'),(621,'digitonin',NULL,'2021-12-01 02:02:31','2021-12-01 02:02:31'),(622,'prevalue',NULL,'2021-12-01 02:02:31','2021-12-01 02:02:31'),(623,'hypercatabolism',NULL,'2021-12-01 02:02:31','2021-12-01 02:02:31'),(624,'blobbed',NULL,'2021-12-01 02:02:31','2021-12-01 02:02:31'),(625,'trestlework',NULL,'2021-12-01 02:02:31','2021-12-01 02:02:31'),(626,'omphali',NULL,'2021-12-01 02:02:31','2021-12-01 02:02:31'),(627,'spectate',NULL,'2021-12-01 02:02:31','2021-12-01 02:02:31'),(628,'breasting',NULL,'2021-12-01 02:02:31','2021-12-01 02:02:31'),(629,'discarnate',NULL,'2021-12-01 02:02:31','2021-12-01 02:02:31'),(630,'slugged',NULL,'2021-12-01 02:02:31','2021-12-01 02:02:31'),(631,'silexes',NULL,'2021-12-01 02:02:31','2021-12-01 02:02:31'),(632,'opportunisms',NULL,'2021-12-01 02:02:31','2021-12-01 02:02:31'),(633,'scannable',NULL,'2021-12-01 02:02:31','2021-12-01 02:02:31'),(634,'myalgic',NULL,'2021-12-01 02:02:31','2021-12-01 02:02:31'),(635,'brotherlinesses',NULL,'2021-12-01 02:02:31','2021-12-01 02:02:31'),(636,'parallelism',NULL,'2021-12-01 02:02:31','2021-12-01 02:02:31'),(637,'poults',NULL,'2021-12-01 02:02:31','2021-12-01 02:02:31'),(638,'cinders',NULL,'2021-12-01 02:02:31','2021-12-01 02:02:31'),(639,'prequalifies',NULL,'2021-12-01 02:02:31','2021-12-01 02:02:31'),(640,'tughrik',NULL,'2021-12-01 02:02:31','2021-12-01 02:02:31'),(641,'verifies',NULL,'2021-12-01 02:02:31','2021-12-01 02:02:31'),(642,'amebae',NULL,'2021-12-01 02:02:31','2021-12-01 02:02:31'),(643,'diminuendos',NULL,'2021-12-01 02:02:31','2021-12-01 02:02:31'),(644,'kilowatts',NULL,'2021-12-01 02:02:31','2021-12-01 02:02:31'),(645,'serials',NULL,'2021-12-01 02:02:31','2021-12-01 02:02:31'),(646,'blemisher',NULL,'2021-12-01 02:02:31','2021-12-01 02:02:31'),(647,'dahabiya',NULL,'2021-12-01 02:02:31','2021-12-01 02:02:31'),(648,'superorder',NULL,'2021-12-01 02:02:31','2021-12-01 02:02:31'),(649,'reelevating',NULL,'2021-12-01 02:02:31','2021-12-01 02:02:31'),(650,'dioxane',NULL,'2021-12-01 02:02:31','2021-12-01 02:02:31'),(651,'currentness',NULL,'2021-12-01 02:02:31','2021-12-01 02:02:31'),(652,'transudation',NULL,'2021-12-01 02:02:31','2021-12-01 02:02:31'),(653,'pretrained',NULL,'2021-12-01 02:02:31','2021-12-01 02:02:31'),(654,'profess',NULL,'2021-12-01 02:02:31','2021-12-01 02:02:31'),(655,'vegetally',NULL,'2021-12-01 02:02:31','2021-12-01 02:02:31'),(656,'dopehead',NULL,'2021-12-01 02:02:31','2021-12-01 02:02:31'),(657,'hermaphrodites',NULL,'2021-12-01 02:02:31','2021-12-01 02:02:31'),(658,'spells',NULL,'2021-12-01 02:02:31','2021-12-01 02:02:31'),(659,'purtiest',NULL,'2021-12-01 02:02:31','2021-12-01 02:02:31'),(660,'mysteriousness',NULL,'2021-12-01 02:02:31','2021-12-01 02:02:31'),(661,'smirky',NULL,'2021-12-01 02:02:31','2021-12-01 02:02:31'),(662,'retirement',NULL,'2021-12-01 02:02:31','2021-12-01 02:02:31'),(663,'bicyclist',NULL,'2021-12-01 02:02:31','2021-12-01 02:02:31'),(664,'iotacisms',NULL,'2021-12-01 02:02:31','2021-12-01 02:02:31'),(665,'troweler',NULL,'2021-12-01 02:02:31','2021-12-01 02:02:31'),(666,'atomics',NULL,'2021-12-01 02:02:31','2021-12-01 02:02:31'),(667,'headnote',NULL,'2021-12-01 02:02:31','2021-12-01 02:02:31'),(668,'monomaniacal',NULL,'2021-12-01 02:02:31','2021-12-01 02:02:31'),(669,'retexturing',NULL,'2021-12-01 02:02:31','2021-12-01 02:02:31'),(670,'nonessentials',NULL,'2021-12-01 02:02:31','2021-12-01 02:02:31'),(671,'fontanelle',NULL,'2021-12-01 02:02:31','2021-12-01 02:02:31'),(672,'figwort',NULL,'2021-12-01 02:02:31','2021-12-01 02:02:31'),(673,'benzine',NULL,'2021-12-01 02:02:31','2021-12-01 02:02:31'),(674,'subassembly',NULL,'2021-12-01 02:02:31','2021-12-01 02:02:31'),(675,'quadruplicate',NULL,'2021-12-01 02:02:31','2021-12-01 02:02:31'),(676,'freely',NULL,'2021-12-01 02:02:31','2021-12-01 02:02:31'),(677,'aurated',NULL,'2021-12-01 02:02:31','2021-12-01 02:02:31'),(678,'confocally',NULL,'2021-12-01 02:02:31','2021-12-01 02:02:31'),(679,'commitments',NULL,'2021-12-01 02:02:31','2021-12-01 02:02:31'),(680,'unprized',NULL,'2021-12-01 02:02:31','2021-12-01 02:02:31'),(681,'guanidines',NULL,'2021-12-01 02:02:31','2021-12-01 02:02:31'),(682,'regularizing',NULL,'2021-12-01 02:02:31','2021-12-01 02:02:31'),(683,'colognes',NULL,'2021-12-01 02:02:31','2021-12-01 02:02:31'),(684,'surcoats',NULL,'2021-12-01 02:02:31','2021-12-01 02:02:31'),(685,'usquebaugh',NULL,'2021-12-01 02:02:31','2021-12-01 02:02:31'),(686,'khakis',NULL,'2021-12-01 02:02:31','2021-12-01 02:02:31'),(687,'midinette',NULL,'2021-12-01 02:02:31','2021-12-01 02:02:31'),(688,'speakership',NULL,'2021-12-01 02:02:31','2021-12-01 02:02:31'),(689,'ridged',NULL,'2021-12-01 02:02:31','2021-12-01 02:02:31'),(690,'schussing',NULL,'2021-12-01 02:02:31','2021-12-01 02:02:31'),(691,'fearsomely',NULL,'2021-12-01 02:02:31','2021-12-01 02:02:31'),(692,'squishinesses',NULL,'2021-12-01 02:02:31','2021-12-01 02:02:31'),(693,'kations',NULL,'2021-12-01 02:02:31','2021-12-01 02:02:31'),(694,'executed',NULL,'2021-12-01 02:02:31','2021-12-01 02:02:31'),(695,'reputable',NULL,'2021-12-01 02:02:31','2021-12-01 02:02:31'),(696,'polytheisms',NULL,'2021-12-01 02:02:31','2021-12-01 02:02:31'),(697,'beyonds',NULL,'2021-12-01 02:02:31','2021-12-01 02:02:31'),(698,'unstressed',NULL,'2021-12-01 02:02:31','2021-12-01 02:02:31'),(699,'populistic',NULL,'2021-12-01 02:02:31','2021-12-01 02:02:31'),(700,'lyrist',NULL,'2021-12-01 02:02:31','2021-12-01 02:02:31'),(701,'salmonids',NULL,'2021-12-01 02:02:31','2021-12-01 02:02:31'),(702,'wadies',NULL,'2021-12-01 02:02:31','2021-12-01 02:02:31'),(703,'bitterest',NULL,'2021-12-01 02:02:31','2021-12-01 02:02:31'),(704,'previses',NULL,'2021-12-01 02:02:31','2021-12-01 02:02:31'),(705,'extinctive',NULL,'2021-12-01 02:02:31','2021-12-01 02:02:31'),(706,'abusive',NULL,'2021-12-01 02:02:31','2021-12-01 02:02:31'),(707,'oubliette',NULL,'2021-12-01 02:02:31','2021-12-01 02:02:31'),(708,'cris',NULL,'2021-12-01 02:02:31','2021-12-01 02:02:31'),(709,'stringcourse',NULL,'2021-12-01 02:02:31','2021-12-01 02:02:31'),(710,'nibbler',NULL,'2021-12-01 02:02:31','2021-12-01 02:02:31'),(711,'mezquit',NULL,'2021-12-01 02:02:31','2021-12-01 02:02:31'),(712,'stinkpots',NULL,'2021-12-01 02:02:31','2021-12-01 02:02:31'),(713,'triplications',NULL,'2021-12-01 02:02:31','2021-12-01 02:02:31'),(714,'kickier',NULL,'2021-12-01 02:02:31','2021-12-01 02:02:31'),(715,'misguidednesses',NULL,'2021-12-01 02:02:31','2021-12-01 02:02:31'),(716,'cellphone',NULL,'2021-12-01 02:02:31','2021-12-01 02:02:31'),(717,'heathenishly',NULL,'2021-12-01 02:02:31','2021-12-01 02:02:31'),(718,'tinware',NULL,'2021-12-01 02:02:31','2021-12-01 02:02:31'),(719,'punkinesses',NULL,'2021-12-01 02:02:31','2021-12-01 02:02:31'),(720,'nudnick',NULL,'2021-12-01 02:02:31','2021-12-01 02:02:31'),(721,'prisons',NULL,'2021-12-01 02:02:31','2021-12-01 02:02:31'),(722,'nonskid',NULL,'2021-12-01 02:02:31','2021-12-01 02:02:31'),(723,'cobb',NULL,'2021-12-01 02:02:31','2021-12-01 02:02:31'),(724,'agreeableness',NULL,'2021-12-01 02:02:31','2021-12-01 02:02:31'),(725,'regardfully',NULL,'2021-12-01 02:02:31','2021-12-01 02:02:31'),(726,'calluses',NULL,'2021-12-01 02:02:31','2021-12-01 02:02:31'),(727,'pareiras',NULL,'2021-12-01 02:02:31','2021-12-01 02:02:31'),(728,'debruises',NULL,'2021-12-01 02:02:31','2021-12-01 02:02:31'),(729,'rasures',NULL,'2021-12-01 02:02:31','2021-12-01 02:02:31'),(730,'minstrelsy',NULL,'2021-12-01 02:02:31','2021-12-01 02:02:31'),(731,'pen',NULL,'2021-12-01 02:02:31','2021-12-01 02:02:31'),(732,'hapkido',NULL,'2021-12-01 02:02:31','2021-12-01 02:02:31'),(733,'fordless',NULL,'2021-12-01 02:02:31','2021-12-01 02:02:31'),(734,'allot',NULL,'2021-12-01 02:02:31','2021-12-01 02:02:31'),(735,'markers',NULL,'2021-12-01 02:02:31','2021-12-01 02:02:31');
/*!40000 ALTER TABLE `albums` ENABLE KEYS */;
UNLOCK TABLES;

--
-- Table structure for table `albums_songs`
--

DROP TABLE IF EXISTS `albums_songs`;
/*!40101 SET @saved_cs_client     = @@character_set_client */;
/*!50503 SET character_set_client = utf8mb4 */;
CREATE TABLE `albums_songs` (
  `id` int NOT NULL AUTO_INCREMENT,
  `albums` int DEFAULT NULL,
  `songs` int DEFAULT NULL,
  `created_at` timestamp NULL DEFAULT CURRENT_TIMESTAMP,
  `updated_at` timestamp NULL DEFAULT CURRENT_TIMESTAMP ON UPDATE CURRENT_TIMESTAMP,
  PRIMARY KEY (`id`),
  KEY `albums` (`albums`),
  KEY `songs` (`songs`),
  CONSTRAINT `albums_songs_ibfk_1` FOREIGN KEY (`albums`) REFERENCES `albums` (`id`),
  CONSTRAINT `albums_songs_ibfk_2` FOREIGN KEY (`songs`) REFERENCES `songs` (`id`)
) ENGINE=InnoDB AUTO_INCREMENT=371 DEFAULT CHARSET=utf8mb4 COLLATE=utf8mb4_0900_ai_ci;
/*!40101 SET character_set_client = @saved_cs_client */;

--
-- Dumping data for table `albums_songs`
--

LOCK TABLES `albums_songs` WRITE;
/*!40000 ALTER TABLE `albums_songs` DISABLE KEYS */;
INSERT INTO `albums_songs` VALUES (1,1,1,'2021-12-01 00:38:34','2021-12-01 00:38:34'),(2,1,2,'2021-12-01 00:38:34','2021-12-01 00:38:34'),(3,1,3,'2021-12-01 00:38:34','2021-12-01 00:38:34'),(4,1,4,'2021-12-01 00:38:34','2021-12-01 00:38:34'),(5,1,5,'2021-12-01 00:38:34','2021-12-01 00:38:34'),(6,1,6,'2021-12-01 00:38:34','2021-12-01 00:38:34'),(7,1,7,'2021-12-01 00:38:34','2021-12-01 00:38:34'),(8,1,8,'2021-12-01 00:38:34','2021-12-01 00:38:34'),(9,1,9,'2021-12-01 00:38:34','2021-12-01 00:38:34'),(10,1,10,'2021-12-01 00:38:34','2021-12-01 00:38:34'),(11,1,11,'2021-12-01 00:38:34','2021-12-01 00:38:34'),(12,2,12,'2021-12-01 00:38:34','2021-12-01 00:38:34'),(13,2,13,'2021-12-01 00:38:34','2021-12-01 00:38:34'),(14,2,14,'2021-12-01 00:38:34','2021-12-01 00:38:34'),(15,2,15,'2021-12-01 00:38:34','2021-12-01 00:38:34'),(16,2,16,'2021-12-01 00:38:34','2021-12-01 00:38:34'),(17,2,17,'2021-12-01 00:38:34','2021-12-01 00:38:34'),(18,2,18,'2021-12-01 00:38:34','2021-12-01 00:38:34'),(19,2,19,'2021-12-01 00:38:34','2021-12-01 00:38:34'),(20,2,20,'2021-12-01 00:38:34','2021-12-01 00:38:34'),(21,2,21,'2021-12-01 00:38:34','2021-12-01 00:38:34'),(22,2,22,'2021-12-01 00:38:34','2021-12-01 00:38:34'),(23,2,23,'2021-12-01 00:38:34','2021-12-01 00:38:34'),(70,2,1,'2021-12-01 02:01:26','2021-12-01 02:01:26'),(71,651,146,'2021-12-01 02:02:32','2021-12-01 02:02:32'),(72,193,278,'2021-12-01 02:02:32','2021-12-01 02:02:32'),(73,489,14,'2021-12-01 02:02:32','2021-12-01 02:02:32'),(74,431,152,'2021-12-01 02:02:32','2021-12-01 02:02:32'),(75,714,186,'2021-12-01 02:02:32','2021-12-01 02:02:32'),(76,570,88,'2021-12-01 02:02:32','2021-12-01 02:02:32'),(77,159,210,'2021-12-01 02:02:32','2021-12-01 02:02:32'),(78,260,327,'2021-12-01 02:02:32','2021-12-01 02:02:32'),(79,608,282,'2021-12-01 02:02:32','2021-12-01 02:02:32'),(80,172,83,'2021-12-01 02:02:32','2021-12-01 02:02:32'),(81,610,135,'2021-12-01 02:02:32','2021-12-01 02:02:32'),(82,437,6,'2021-12-01 02:02:32','2021-12-01 02:02:32'),(83,94,327,'2021-12-01 02:02:32','2021-12-01 02:02:32'),(84,347,141,'2021-12-01 02:02:32','2021-12-01 02:02:32'),(85,687,160,'2021-12-01 02:02:32','2021-12-01 02:02:32'),(86,385,342,'2021-12-01 02:02:32','2021-12-01 02:02:32'),(87,665,332,'2021-12-01 02:02:32','2021-12-01 02:02:32'),(88,501,161,'2021-12-01 02:02:32','2021-12-01 02:02:32'),(89,84,296,'2021-12-01 02:02:32','2021-12-01 02:02:32'),(90,355,190,'2021-12-01 02:02:32','2021-12-01 02:02:32'),(91,577,247,'2021-12-01 02:02:32','2021-12-01 02:02:32'),(92,81,107,'2021-12-01 02:02:32','2021-12-01 02:02:32'),(93,715,340,'2021-12-01 02:02:32','2021-12-01 02:02:32'),(94,243,100,'2021-12-01 02:02:32','2021-12-01 02:02:32'),(95,292,4,'2021-12-01 02:02:32','2021-12-01 02:02:32'),(96,429,336,'2021-12-01 02:02:32','2021-12-01 02:02:32'),(97,142,280,'2021-12-01 02:02:32','2021-12-01 02:02:32'),(98,578,198,'2021-12-01 02:02:32','2021-12-01 02:02:32'),(99,680,366,'2021-12-01 02:02:32','2021-12-01 02:02:32'),(100,169,256,'2021-12-01 02:02:32','2021-12-01 02:02:32'),(101,398,271,'2021-12-01 02:02:32','2021-12-01 02:02:32'),(102,423,187,'2021-12-01 02:02:32','2021-12-01 02:02:32'),(103,195,95,'2021-12-01 02:02:32','2021-12-01 02:02:32'),(104,612,368,'2021-12-01 02:02:32','2021-12-01 02:02:32'),(105,613,342,'2021-12-01 02:02:32','2021-12-01 02:02:32'),(106,426,233,'2021-12-01 02:02:32','2021-12-01 02:02:32'),(107,127,201,'2021-12-01 02:02:32','2021-12-01 02:02:32'),(108,86,221,'2021-12-01 02:02:32','2021-12-01 02:02:32'),(109,633,376,'2021-12-01 02:02:32','2021-12-01 02:02:32'),(110,720,239,'2021-12-01 02:02:32','2021-12-01 02:02:32'),(111,446,1,'2021-12-01 02:02:32','2021-12-01 02:02:32'),(112,494,383,'2021-12-01 02:02:32','2021-12-01 02:02:32'),(113,554,211,'2021-12-01 02:02:32','2021-12-01 02:02:32'),(114,296,189,'2021-12-01 02:02:32','2021-12-01 02:02:32'),(115,416,293,'2021-12-01 02:02:32','2021-12-01 02:02:32'),(116,490,400,'2021-12-01 02:02:32','2021-12-01 02:02:32'),(117,241,111,'2021-12-01 02:02:32','2021-12-01 02:02:32'),(118,233,357,'2021-12-01 02:02:32','2021-12-01 02:02:32'),(119,460,347,'2021-12-01 02:02:32','2021-12-01 02:02:32'),(120,243,269,'2021-12-01 02:02:32','2021-12-01 02:02:32'),(121,100,92,'2021-12-01 02:02:32','2021-12-01 02:02:32'),(122,469,191,'2021-12-01 02:02:32','2021-12-01 02:02:32'),(123,159,375,'2021-12-01 02:02:32','2021-12-01 02:02:32'),(124,728,360,'2021-12-01 02:02:32','2021-12-01 02:02:32'),(125,428,224,'2021-12-01 02:02:32','2021-12-01 02:02:32'),(126,552,120,'2021-12-01 02:02:32','2021-12-01 02:02:32'),(127,704,199,'2021-12-01 02:02:32','2021-12-01 02:02:32'),(128,345,375,'2021-12-01 02:02:32','2021-12-01 02:02:32'),(129,421,252,'2021-12-01 02:02:32','2021-12-01 02:02:32'),(130,378,123,'2021-12-01 02:02:32','2021-12-01 02:02:32'),(131,601,193,'2021-12-01 02:02:32','2021-12-01 02:02:32'),(132,368,399,'2021-12-01 02:02:32','2021-12-01 02:02:32'),(133,657,405,'2021-12-01 02:02:32','2021-12-01 02:02:32'),(134,239,133,'2021-12-01 02:02:32','2021-12-01 02:02:32'),(135,568,240,'2021-12-01 02:02:32','2021-12-01 02:02:32'),(136,260,144,'2021-12-01 02:02:32','2021-12-01 02:02:32'),(137,194,91,'2021-12-01 02:02:32','2021-12-01 02:02:32'),(138,591,141,'2021-12-01 02:02:32','2021-12-01 02:02:32'),(139,405,104,'2021-12-01 02:02:32','2021-12-01 02:02:32'),(140,426,301,'2021-12-01 02:02:32','2021-12-01 02:02:32'),(141,363,281,'2021-12-01 02:02:32','2021-12-01 02:02:32'),(142,524,380,'2021-12-01 02:02:32','2021-12-01 02:02:32'),(143,363,114,'2021-12-01 02:02:32','2021-12-01 02:02:32'),(144,280,360,'2021-12-01 02:02:32','2021-12-01 02:02:32'),(145,667,186,'2021-12-01 02:02:32','2021-12-01 02:02:32'),(146,238,114,'2021-12-01 02:02:32','2021-12-01 02:02:32'),(147,421,394,'2021-12-01 02:02:32','2021-12-01 02:02:32'),(148,266,353,'2021-12-01 02:02:32','2021-12-01 02:02:32'),(149,435,225,'2021-12-01 02:02:32','2021-12-01 02:02:32'),(150,248,166,'2021-12-01 02:02:32','2021-12-01 02:02:32'),(151,237,288,'2021-12-01 02:02:32','2021-12-01 02:02:32'),(152,351,77,'2021-12-01 02:02:32','2021-12-01 02:02:32'),(153,238,17,'2021-12-01 02:02:32','2021-12-01 02:02:32'),(154,162,152,'2021-12-01 02:02:32','2021-12-01 02:02:32'),(155,212,392,'2021-12-01 02:02:32','2021-12-01 02:02:32'),(156,480,174,'2021-12-01 02:02:32','2021-12-01 02:02:32'),(157,470,362,'2021-12-01 02:02:32','2021-12-01 02:02:32'),(158,541,195,'2021-12-01 02:02:32','2021-12-01 02:02:32'),(159,329,273,'2021-12-01 02:02:32','2021-12-01 02:02:32'),(160,412,320,'2021-12-01 02:02:32','2021-12-01 02:02:32'),(161,699,336,'2021-12-01 02:02:32','2021-12-01 02:02:32'),(162,139,178,'2021-12-01 02:02:32','2021-12-01 02:02:32'),(163,696,91,'2021-12-01 02:02:32','2021-12-01 02:02:32'),(164,117,117,'2021-12-01 02:02:32','2021-12-01 02:02:32'),(165,676,205,'2021-12-01 02:02:32','2021-12-01 02:02:32'),(166,407,98,'2021-12-01 02:02:32','2021-12-01 02:02:32'),(167,267,104,'2021-12-01 02:02:32','2021-12-01 02:02:32'),(168,218,319,'2021-12-01 02:02:32','2021-12-01 02:02:32'),(169,139,344,'2021-12-01 02:02:32','2021-12-01 02:02:32'),(170,499,88,'2021-12-01 02:02:32','2021-12-01 02:02:32'),(171,403,295,'2021-12-01 02:02:32','2021-12-01 02:02:32'),(172,316,230,'2021-12-01 02:02:32','2021-12-01 02:02:32'),(173,704,305,'2021-12-01 02:02:32','2021-12-01 02:02:32'),(174,249,261,'2021-12-01 02:02:32','2021-12-01 02:02:32'),(175,449,168,'2021-12-01 02:02:32','2021-12-01 02:02:32'),(176,639,193,'2021-12-01 02:02:32','2021-12-01 02:02:32'),(177,380,268,'2021-12-01 02:02:32','2021-12-01 02:02:32'),(178,577,300,'2021-12-01 02:02:32','2021-12-01 02:02:32'),(179,192,210,'2021-12-01 02:02:32','2021-12-01 02:02:32'),(180,439,307,'2021-12-01 02:02:32','2021-12-01 02:02:32'),(181,329,221,'2021-12-01 02:02:32','2021-12-01 02:02:32'),(182,236,284,'2021-12-01 02:02:32','2021-12-01 02:02:32'),(183,726,361,'2021-12-01 02:02:32','2021-12-01 02:02:32'),(184,245,278,'2021-12-01 02:02:32','2021-12-01 02:02:32'),(185,486,219,'2021-12-01 02:02:32','2021-12-01 02:02:32'),(186,403,400,'2021-12-01 02:02:32','2021-12-01 02:02:32'),(187,453,100,'2021-12-01 02:02:32','2021-12-01 02:02:32'),(188,178,169,'2021-12-01 02:02:32','2021-12-01 02:02:32'),(189,691,308,'2021-12-01 02:02:32','2021-12-01 02:02:32'),(190,438,9,'2021-12-01 02:02:32','2021-12-01 02:02:32'),(191,295,150,'2021-12-01 02:02:32','2021-12-01 02:02:32'),(192,327,197,'2021-12-01 02:02:32','2021-12-01 02:02:32'),(193,212,11,'2021-12-01 02:02:32','2021-12-01 02:02:32'),(194,339,269,'2021-12-01 02:02:32','2021-12-01 02:02:32'),(195,109,304,'2021-12-01 02:02:32','2021-12-01 02:02:32'),(196,397,203,'2021-12-01 02:02:32','2021-12-01 02:02:32'),(197,234,294,'2021-12-01 02:02:32','2021-12-01 02:02:32'),(198,679,173,'2021-12-01 02:02:32','2021-12-01 02:02:32'),(199,116,97,'2021-12-01 02:02:32','2021-12-01 02:02:32'),(200,583,359,'2021-12-01 02:02:32','2021-12-01 02:02:32'),(201,568,182,'2021-12-01 02:02:32','2021-12-01 02:02:32'),(202,437,312,'2021-12-01 02:02:32','2021-12-01 02:02:32'),(203,520,101,'2021-12-01 02:02:32','2021-12-01 02:02:32'),(204,185,344,'2021-12-01 02:02:32','2021-12-01 02:02:32'),(205,693,129,'2021-12-01 02:02:32','2021-12-01 02:02:32'),(206,611,322,'2021-12-01 02:02:32','2021-12-01 02:02:32'),(207,158,238,'2021-12-01 02:02:32','2021-12-01 02:02:32'),(208,367,72,'2021-12-01 02:02:32','2021-12-01 02:02:32'),(209,111,203,'2021-12-01 02:02:32','2021-12-01 02:02:32'),(210,179,164,'2021-12-01 02:02:32','2021-12-01 02:02:32'),(211,108,189,'2021-12-01 02:02:32','2021-12-01 02:02:32'),(212,369,400,'2021-12-01 02:02:32','2021-12-01 02:02:32'),(213,599,156,'2021-12-01 02:02:32','2021-12-01 02:02:32'),(214,481,367,'2021-12-01 02:02:32','2021-12-01 02:02:32'),(215,163,358,'2021-12-01 02:02:32','2021-12-01 02:02:32'),(216,316,314,'2021-12-01 02:02:32','2021-12-01 02:02:32'),(217,275,374,'2021-12-01 02:02:32','2021-12-01 02:02:32'),(218,693,220,'2021-12-01 02:02:32','2021-12-01 02:02:32'),(219,226,5,'2021-12-01 02:02:32','2021-12-01 02:02:32'),(220,472,401,'2021-12-01 02:02:32','2021-12-01 02:02:32'),(221,656,189,'2021-12-01 02:02:32','2021-12-01 02:02:32'),(222,486,15,'2021-12-01 02:02:32','2021-12-01 02:02:32'),(223,730,106,'2021-12-01 02:02:32','2021-12-01 02:02:32'),(224,113,405,'2021-12-01 02:02:32','2021-12-01 02:02:32'),(225,385,382,'2021-12-01 02:02:32','2021-12-01 02:02:32'),(226,486,284,'2021-12-01 02:02:32','2021-12-01 02:02:32'),(227,548,332,'2021-12-01 02:02:32','2021-12-01 02:02:32'),(228,485,353,'2021-12-01 02:02:32','2021-12-01 02:02:32'),(229,407,299,'2021-12-01 02:02:32','2021-12-01 02:02:32'),(230,657,179,'2021-12-01 02:02:32','2021-12-01 02:02:32'),(231,217,388,'2021-12-01 02:02:32','2021-12-01 02:02:32'),(232,289,169,'2021-12-01 02:02:32','2021-12-01 02:02:32'),(233,683,286,'2021-12-01 02:02:32','2021-12-01 02:02:32'),(234,362,317,'2021-12-01 02:02:32','2021-12-01 02:02:32'),(235,202,160,'2021-12-01 02:02:32','2021-12-01 02:02:32'),(236,442,209,'2021-12-01 02:02:32','2021-12-01 02:02:32'),(237,79,314,'2021-12-01 02:02:32','2021-12-01 02:02:32'),(238,733,164,'2021-12-01 02:02:32','2021-12-01 02:02:32'),(239,373,149,'2021-12-01 02:02:32','2021-12-01 02:02:32'),(240,102,223,'2021-12-01 02:02:32','2021-12-01 02:02:32'),(241,682,266,'2021-12-01 02:02:32','2021-12-01 02:02:32'),(242,227,110,'2021-12-01 02:02:32','2021-12-01 02:02:32'),(243,380,140,'2021-12-01 02:02:32','2021-12-01 02:02:32'),(244,590,398,'2021-12-01 02:02:32','2021-12-01 02:02:32'),(245,308,95,'2021-12-01 02:02:32','2021-12-01 02:02:32'),(246,493,224,'2021-12-01 02:02:32','2021-12-01 02:02:32'),(247,252,11,'2021-12-01 02:02:32','2021-12-01 02:02:32'),(248,308,356,'2021-12-01 02:02:32','2021-12-01 02:02:32'),(249,711,257,'2021-12-01 02:02:32','2021-12-01 02:02:32'),(250,543,350,'2021-12-01 02:02:32','2021-12-01 02:02:32'),(251,383,112,'2021-12-01 02:02:32','2021-12-01 02:02:32'),(252,438,243,'2021-12-01 02:02:32','2021-12-01 02:02:32'),(253,715,328,'2021-12-01 02:02:32','2021-12-01 02:02:32'),(254,220,87,'2021-12-01 02:02:32','2021-12-01 02:02:32'),(255,262,147,'2021-12-01 02:02:32','2021-12-01 02:02:32'),(256,305,104,'2021-12-01 02:02:32','2021-12-01 02:02:32'),(257,324,163,'2021-12-01 02:02:32','2021-12-01 02:02:32'),(258,490,201,'2021-12-01 02:02:32','2021-12-01 02:02:32'),(259,384,116,'2021-12-01 02:02:32','2021-12-01 02:02:32'),(260,323,299,'2021-12-01 02:02:32','2021-12-01 02:02:32'),(261,698,23,'2021-12-01 02:02:32','2021-12-01 02:02:32'),(262,318,370,'2021-12-01 02:02:32','2021-12-01 02:02:32'),(263,562,203,'2021-12-01 02:02:32','2021-12-01 02:02:32'),(264,222,230,'2021-12-01 02:02:32','2021-12-01 02:02:32'),(265,281,395,'2021-12-01 02:02:32','2021-12-01 02:02:32'),(266,297,72,'2021-12-01 02:02:32','2021-12-01 02:02:32'),(267,289,23,'2021-12-01 02:02:32','2021-12-01 02:02:32'),(268,307,308,'2021-12-01 02:02:32','2021-12-01 02:02:32'),(269,694,97,'2021-12-01 02:02:32','2021-12-01 02:02:32'),(270,724,11,'2021-12-01 02:02:32','2021-12-01 02:02:32'),(271,596,128,'2021-12-01 02:02:32','2021-12-01 02:02:32'),(272,195,374,'2021-12-01 02:02:32','2021-12-01 02:02:32'),(273,123,378,'2021-12-01 02:02:32','2021-12-01 02:02:32'),(274,627,343,'2021-12-01 02:02:32','2021-12-01 02:02:32'),(275,128,390,'2021-12-01 02:02:32','2021-12-01 02:02:32'),(276,573,179,'2021-12-01 02:02:32','2021-12-01 02:02:32'),(277,96,217,'2021-12-01 02:02:32','2021-12-01 02:02:32'),(278,113,390,'2021-12-01 02:02:32','2021-12-01 02:02:32'),(279,137,145,'2021-12-01 02:02:32','2021-12-01 02:02:32'),(280,593,275,'2021-12-01 02:02:32','2021-12-01 02:02:32'),(281,589,396,'2021-12-01 02:02:32','2021-12-01 02:02:32'),(282,139,339,'2021-12-01 02:02:32','2021-12-01 02:02:32'),(283,74,109,'2021-12-01 02:02:32','2021-12-01 02:02:32'),(284,133,380,'2021-12-01 02:02:32','2021-12-01 02:02:32'),(285,92,125,'2021-12-01 02:02:32','2021-12-01 02:02:32'),(286,540,105,'2021-12-01 02:02:32','2021-12-01 02:02:32'),(287,273,298,'2021-12-01 02:02:32','2021-12-01 02:02:32'),(288,490,164,'2021-12-01 02:02:32','2021-12-01 02:02:32'),(289,720,283,'2021-12-01 02:02:32','2021-12-01 02:02:32'),(290,607,291,'2021-12-01 02:02:32','2021-12-01 02:02:32'),(291,233,391,'2021-12-01 02:02:32','2021-12-01 02:02:32'),(292,80,232,'2021-12-01 02:02:32','2021-12-01 02:02:32'),(293,536,290,'2021-12-01 02:02:32','2021-12-01 02:02:32'),(294,133,384,'2021-12-01 02:02:32','2021-12-01 02:02:32'),(295,260,327,'2021-12-01 02:02:32','2021-12-01 02:02:32'),(296,686,84,'2021-12-01 02:02:32','2021-12-01 02:02:32'),(297,195,208,'2021-12-01 02:02:32','2021-12-01 02:02:32'),(298,198,17,'2021-12-01 02:02:32','2021-12-01 02:02:32'),(299,680,375,'2021-12-01 02:02:32','2021-12-01 02:02:32'),(300,594,243,'2021-12-01 02:02:32','2021-12-01 02:02:32'),(301,674,304,'2021-12-01 02:02:32','2021-12-01 02:02:32'),(302,401,111,'2021-12-01 02:02:32','2021-12-01 02:02:32'),(303,119,360,'2021-12-01 02:02:32','2021-12-01 02:02:32'),(304,270,11,'2021-12-01 02:02:32','2021-12-01 02:02:32'),(305,722,215,'2021-12-01 02:02:32','2021-12-01 02:02:32'),(306,150,139,'2021-12-01 02:02:32','2021-12-01 02:02:32'),(307,506,90,'2021-12-01 02:02:32','2021-12-01 02:02:32'),(308,422,186,'2021-12-01 02:02:32','2021-12-01 02:02:32'),(309,574,313,'2021-12-01 02:02:32','2021-12-01 02:02:32'),(310,220,184,'2021-12-01 02:02:32','2021-12-01 02:02:32'),(311,253,232,'2021-12-01 02:02:32','2021-12-01 02:02:32'),(312,223,372,'2021-12-01 02:02:32','2021-12-01 02:02:32'),(313,495,300,'2021-12-01 02:02:32','2021-12-01 02:02:32'),(314,141,109,'2021-12-01 02:02:32','2021-12-01 02:02:32'),(315,612,14,'2021-12-01 02:02:32','2021-12-01 02:02:32'),(316,473,214,'2021-12-01 02:02:32','2021-12-01 02:02:32'),(317,502,128,'2021-12-01 02:02:32','2021-12-01 02:02:32'),(318,496,310,'2021-12-01 02:02:32','2021-12-01 02:02:32'),(319,272,185,'2021-12-01 02:02:32','2021-12-01 02:02:32'),(320,596,200,'2021-12-01 02:02:32','2021-12-01 02:02:32'),(321,412,229,'2021-12-01 02:02:32','2021-12-01 02:02:32'),(322,184,300,'2021-12-01 02:02:32','2021-12-01 02:02:32'),(323,585,237,'2021-12-01 02:02:32','2021-12-01 02:02:32'),(324,636,299,'2021-12-01 02:02:32','2021-12-01 02:02:32'),(325,661,379,'2021-12-01 02:02:32','2021-12-01 02:02:32'),(326,408,309,'2021-12-01 02:02:32','2021-12-01 02:02:32'),(327,728,217,'2021-12-01 02:02:32','2021-12-01 02:02:32'),(328,666,387,'2021-12-01 02:02:32','2021-12-01 02:02:32'),(329,560,339,'2021-12-01 02:02:32','2021-12-01 02:02:32'),(330,468,19,'2021-12-01 02:02:32','2021-12-01 02:02:32'),(331,585,117,'2021-12-01 02:02:32','2021-12-01 02:02:32'),(332,104,19,'2021-12-01 02:02:32','2021-12-01 02:02:32'),(333,499,275,'2021-12-01 02:02:32','2021-12-01 02:02:32'),(334,308,153,'2021-12-01 02:02:32','2021-12-01 02:02:32'),(335,455,236,'2021-12-01 02:02:32','2021-12-01 02:02:32'),(336,81,173,'2021-12-01 02:02:32','2021-12-01 02:02:32'),(337,637,279,'2021-12-01 02:02:32','2021-12-01 02:02:32'),(338,251,294,'2021-12-01 02:02:32','2021-12-01 02:02:32'),(339,362,188,'2021-12-01 02:02:32','2021-12-01 02:02:32'),(340,257,139,'2021-12-01 02:02:32','2021-12-01 02:02:32'),(341,317,394,'2021-12-01 02:02:32','2021-12-01 02:02:32'),(342,152,184,'2021-12-01 02:02:32','2021-12-01 02:02:32'),(343,656,157,'2021-12-01 02:02:32','2021-12-01 02:02:32'),(344,496,335,'2021-12-01 02:02:32','2021-12-01 02:02:32'),(345,713,350,'2021-12-01 02:02:32','2021-12-01 02:02:32'),(346,581,248,'2021-12-01 02:02:32','2021-12-01 02:02:32'),(347,375,355,'2021-12-01 02:02:32','2021-12-01 02:02:32'),(348,273,85,'2021-12-01 02:02:32','2021-12-01 02:02:32'),(349,542,400,'2021-12-01 02:02:32','2021-12-01 02:02:32'),(350,595,334,'2021-12-01 02:02:32','2021-12-01 02:02:32'),(351,317,92,'2021-12-01 02:02:32','2021-12-01 02:02:32'),(352,93,152,'2021-12-01 02:02:32','2021-12-01 02:02:32'),(353,675,167,'2021-12-01 02:02:32','2021-12-01 02:02:32'),(354,452,232,'2021-12-01 02:02:32','2021-12-01 02:02:32'),(355,310,358,'2021-12-01 02:02:32','2021-12-01 02:02:32'),(356,498,115,'2021-12-01 02:02:32','2021-12-01 02:02:32'),(357,170,164,'2021-12-01 02:02:32','2021-12-01 02:02:32'),(358,628,148,'2021-12-01 02:02:32','2021-12-01 02:02:32'),(359,336,382,'2021-12-01 02:02:32','2021-12-01 02:02:32'),(360,561,183,'2021-12-01 02:02:32','2021-12-01 02:02:32'),(361,392,146,'2021-12-01 02:02:32','2021-12-01 02:02:32'),(362,139,388,'2021-12-01 02:02:32','2021-12-01 02:02:32'),(363,676,405,'2021-12-01 02:02:32','2021-12-01 02:02:32'),(364,152,153,'2021-12-01 02:02:32','2021-12-01 02:02:32'),(365,213,232,'2021-12-01 02:02:32','2021-12-01 02:02:32'),(366,480,141,'2021-12-01 02:02:32','2021-12-01 02:02:32'),(367,600,73,'2021-12-01 02:02:32','2021-12-01 02:02:32'),(368,620,122,'2021-12-01 02:02:32','2021-12-01 02:02:32'),(369,233,238,'2021-12-01 02:02:32','2021-12-01 02:02:32'),(370,307,174,'2021-12-01 02:02:32','2021-12-01 02:02:32');
/*!40000 ALTER TABLE `albums_songs` ENABLE KEYS */;
UNLOCK TABLES;

--
-- Temporary view structure for view `app_users`
--

DROP TABLE IF EXISTS `app_users`;
/*!50001 DROP VIEW IF EXISTS `app_users`*/;
SET @saved_cs_client     = @@character_set_client;
/*!50503 SET character_set_client = utf8mb4 */;
/*!50001 CREATE VIEW `app_users` AS SELECT 
 1 AS `id`,
 1 AS `username`,
 1 AS `mail`,
 1 AS `passwd`,
 1 AS `user_type`*/;
SET character_set_client = @saved_cs_client;

--
-- Table structure for table `artists`
--

DROP TABLE IF EXISTS `artists`;
/*!40101 SET @saved_cs_client     = @@character_set_client */;
/*!50503 SET character_set_client = utf8mb4 */;
CREATE TABLE `artists` (
  `id` int NOT NULL AUTO_INCREMENT,
  `name` varchar(60) NOT NULL,
  `img` varchar(60) DEFAULT NULL,
  `created_at` timestamp NULL DEFAULT CURRENT_TIMESTAMP,
  `updated_at` timestamp NULL DEFAULT CURRENT_TIMESTAMP ON UPDATE CURRENT_TIMESTAMP,
  PRIMARY KEY (`id`)
) ENGINE=InnoDB AUTO_INCREMENT=403 DEFAULT CHARSET=utf8mb4 COLLATE=utf8mb4_0900_ai_ci;
/*!40101 SET character_set_client = @saved_cs_client */;

--
-- Dumping data for table `artists`
--

LOCK TABLES `artists` WRITE;
/*!40000 ALTER TABLE `artists` DISABLE KEYS */;
INSERT INTO `artists` VALUES (1,'Neutral Milk Hotel','neutral-milk-hotel.jpg','2021-12-01 00:38:34','2021-12-01 00:38:34'),(2,'Stone Temple Pilots','stone-temple-pilots.jpg','2021-12-01 00:38:34','2021-12-01 00:38:34'),(70,'plenums',NULL,'2021-12-01 02:02:31','2021-12-01 02:02:31'),(71,'matelot',NULL,'2021-12-01 02:02:31','2021-12-01 02:02:31'),(72,'squinny',NULL,'2021-12-01 02:02:31','2021-12-01 02:02:31'),(73,'monoglyceride',NULL,'2021-12-01 02:02:31','2021-12-01 02:02:31'),(74,'vivisect',NULL,'2021-12-01 02:02:31','2021-12-01 02:02:31'),(75,'lambda',NULL,'2021-12-01 02:02:31','2021-12-01 02:02:31'),(76,'formative',NULL,'2021-12-01 02:02:31','2021-12-01 02:02:31'),(77,'googolplex',NULL,'2021-12-01 02:02:31','2021-12-01 02:02:31'),(78,'foreboder',NULL,'2021-12-01 02:02:31','2021-12-01 02:02:31'),(79,'syllabi',NULL,'2021-12-01 02:02:31','2021-12-01 02:02:31'),(80,'motleyest',NULL,'2021-12-01 02:02:31','2021-12-01 02:02:31'),(81,'caulis',NULL,'2021-12-01 02:02:31','2021-12-01 02:02:31'),(82,'cribber',NULL,'2021-12-01 02:02:31','2021-12-01 02:02:31'),(83,'noninfectious',NULL,'2021-12-01 02:02:31','2021-12-01 02:02:31'),(84,'constrictor',NULL,'2021-12-01 02:02:31','2021-12-01 02:02:31'),(85,'unplanned',NULL,'2021-12-01 02:02:31','2021-12-01 02:02:31'),(86,'scarehead',NULL,'2021-12-01 02:02:31','2021-12-01 02:02:31'),(87,'intinctions',NULL,'2021-12-01 02:02:31','2021-12-01 02:02:31'),(88,'outgamble',NULL,'2021-12-01 02:02:31','2021-12-01 02:02:31'),(89,'porcelaneous',NULL,'2021-12-01 02:02:31','2021-12-01 02:02:31'),(90,'stillbirth',NULL,'2021-12-01 02:02:31','2021-12-01 02:02:31'),(91,'petition',NULL,'2021-12-01 02:02:31','2021-12-01 02:02:31'),(92,'coward',NULL,'2021-12-01 02:02:31','2021-12-01 02:02:31'),(93,'dungeoned',NULL,'2021-12-01 02:02:31','2021-12-01 02:02:31'),(94,'seisor',NULL,'2021-12-01 02:02:31','2021-12-01 02:02:31'),(95,'outpromise',NULL,'2021-12-01 02:02:31','2021-12-01 02:02:31'),(96,'receptivity',NULL,'2021-12-01 02:02:31','2021-12-01 02:02:31'),(97,'bewormed',NULL,'2021-12-01 02:02:31','2021-12-01 02:02:31'),(98,'predrilling',NULL,'2021-12-01 02:02:31','2021-12-01 02:02:31'),(99,'flammables',NULL,'2021-12-01 02:02:31','2021-12-01 02:02:31'),(100,'frigidness',NULL,'2021-12-01 02:02:31','2021-12-01 02:02:31'),(101,'disfrocking',NULL,'2021-12-01 02:02:31','2021-12-01 02:02:31'),(102,'milia',NULL,'2021-12-01 02:02:31','2021-12-01 02:02:31'),(103,'scunner',NULL,'2021-12-01 02:02:31','2021-12-01 02:02:31'),(104,'jackboots',NULL,'2021-12-01 02:02:31','2021-12-01 02:02:31'),(105,'tanners',NULL,'2021-12-01 02:02:31','2021-12-01 02:02:31'),(106,'unestablished',NULL,'2021-12-01 02:02:31','2021-12-01 02:02:31'),(107,'speeled',NULL,'2021-12-01 02:02:31','2021-12-01 02:02:31'),(108,'misbegot',NULL,'2021-12-01 02:02:31','2021-12-01 02:02:31'),(109,'unleveled',NULL,'2021-12-01 02:02:31','2021-12-01 02:02:31'),(110,'flicker',NULL,'2021-12-01 02:02:31','2021-12-01 02:02:31'),(111,'prismatoids',NULL,'2021-12-01 02:02:31','2021-12-01 02:02:31'),(112,'disenthralls',NULL,'2021-12-01 02:02:31','2021-12-01 02:02:31'),(113,'confiscator',NULL,'2021-12-01 02:02:31','2021-12-01 02:02:31'),(114,'comparers',NULL,'2021-12-01 02:02:31','2021-12-01 02:02:31'),(115,'exceptionalism',NULL,'2021-12-01 02:02:31','2021-12-01 02:02:31'),(116,'woads',NULL,'2021-12-01 02:02:31','2021-12-01 02:02:31'),(117,'crick',NULL,'2021-12-01 02:02:31','2021-12-01 02:02:31'),(118,'outjumping',NULL,'2021-12-01 02:02:31','2021-12-01 02:02:31'),(119,'centai',NULL,'2021-12-01 02:02:31','2021-12-01 02:02:31'),(120,'anastrophes',NULL,'2021-12-01 02:02:31','2021-12-01 02:02:31'),(121,'properdin',NULL,'2021-12-01 02:02:31','2021-12-01 02:02:31'),(122,'revictualed',NULL,'2021-12-01 02:02:31','2021-12-01 02:02:31'),(123,'termor',NULL,'2021-12-01 02:02:31','2021-12-01 02:02:31'),(124,'commences',NULL,'2021-12-01 02:02:31','2021-12-01 02:02:31'),(125,'foreworn',NULL,'2021-12-01 02:02:31','2021-12-01 02:02:31'),(126,'refugee',NULL,'2021-12-01 02:02:31','2021-12-01 02:02:31'),(127,'fleecer',NULL,'2021-12-01 02:02:31','2021-12-01 02:02:31'),(128,'indraft',NULL,'2021-12-01 02:02:31','2021-12-01 02:02:31'),(129,'consolingly',NULL,'2021-12-01 02:02:31','2021-12-01 02:02:31'),(130,'contravening',NULL,'2021-12-01 02:02:31','2021-12-01 02:02:31'),(131,'jalap',NULL,'2021-12-01 02:02:31','2021-12-01 02:02:31'),(132,'yieldable',NULL,'2021-12-01 02:02:31','2021-12-01 02:02:31'),(133,'ferrocenes',NULL,'2021-12-01 02:02:31','2021-12-01 02:02:31'),(134,'twopence',NULL,'2021-12-01 02:02:31','2021-12-01 02:02:31'),(135,'multistep',NULL,'2021-12-01 02:02:31','2021-12-01 02:02:31'),(136,'reorders',NULL,'2021-12-01 02:02:31','2021-12-01 02:02:31'),(137,'firepan',NULL,'2021-12-01 02:02:31','2021-12-01 02:02:31'),(138,'appraisee',NULL,'2021-12-01 02:02:31','2021-12-01 02:02:31'),(139,'deglamorizes',NULL,'2021-12-01 02:02:31','2021-12-01 02:02:31'),(140,'allotropes',NULL,'2021-12-01 02:02:31','2021-12-01 02:02:31'),(141,'multiethnics',NULL,'2021-12-01 02:02:31','2021-12-01 02:02:31'),(142,'branchless',NULL,'2021-12-01 02:02:31','2021-12-01 02:02:31'),(143,'denturist',NULL,'2021-12-01 02:02:31','2021-12-01 02:02:31'),(144,'telegraph',NULL,'2021-12-01 02:02:31','2021-12-01 02:02:31'),(145,'myosotis',NULL,'2021-12-01 02:02:31','2021-12-01 02:02:31'),(146,'acta',NULL,'2021-12-01 02:02:31','2021-12-01 02:02:31'),(147,'laze',NULL,'2021-12-01 02:02:31','2021-12-01 02:02:31'),(148,'massing',NULL,'2021-12-01 02:02:31','2021-12-01 02:02:31'),(149,'syncretize',NULL,'2021-12-01 02:02:31','2021-12-01 02:02:31'),(150,'domains',NULL,'2021-12-01 02:02:31','2021-12-01 02:02:31'),(151,'tilers',NULL,'2021-12-01 02:02:31','2021-12-01 02:02:31'),(152,'quipsters',NULL,'2021-12-01 02:02:31','2021-12-01 02:02:31'),(153,'cladogram',NULL,'2021-12-01 02:02:31','2021-12-01 02:02:31'),(154,'huckstering',NULL,'2021-12-01 02:02:31','2021-12-01 02:02:31'),(155,'seedpods',NULL,'2021-12-01 02:02:31','2021-12-01 02:02:31'),(156,'polyphase',NULL,'2021-12-01 02:02:31','2021-12-01 02:02:31'),(157,'initializing',NULL,'2021-12-01 02:02:31','2021-12-01 02:02:31'),(158,'iproniazids',NULL,'2021-12-01 02:02:31','2021-12-01 02:02:31'),(159,'bubbling',NULL,'2021-12-01 02:02:31','2021-12-01 02:02:31'),(160,'carries',NULL,'2021-12-01 02:02:31','2021-12-01 02:02:31'),(161,'depriving',NULL,'2021-12-01 02:02:31','2021-12-01 02:02:31'),(162,'goniometers',NULL,'2021-12-01 02:02:31','2021-12-01 02:02:31'),(163,'slickens',NULL,'2021-12-01 02:02:31','2021-12-01 02:02:31'),(164,'grills',NULL,'2021-12-01 02:02:31','2021-12-01 02:02:31'),(165,'gigantesque',NULL,'2021-12-01 02:02:31','2021-12-01 02:02:31'),(166,'professorship',NULL,'2021-12-01 02:02:31','2021-12-01 02:02:31'),(167,'surenesses',NULL,'2021-12-01 02:02:31','2021-12-01 02:02:31'),(168,'staggered',NULL,'2021-12-01 02:02:31','2021-12-01 02:02:31'),(169,'newsgirl',NULL,'2021-12-01 02:02:31','2021-12-01 02:02:31'),(170,'delegatees',NULL,'2021-12-01 02:02:31','2021-12-01 02:02:31'),(171,'overevaluations',NULL,'2021-12-01 02:02:31','2021-12-01 02:02:31'),(172,'division',NULL,'2021-12-01 02:02:31','2021-12-01 02:02:31'),(173,'snackers',NULL,'2021-12-01 02:02:31','2021-12-01 02:02:31'),(174,'smaragd',NULL,'2021-12-01 02:02:31','2021-12-01 02:02:31'),(175,'olives',NULL,'2021-12-01 02:02:31','2021-12-01 02:02:31'),(176,'hashish',NULL,'2021-12-01 02:02:31','2021-12-01 02:02:31'),(177,'wail',NULL,'2021-12-01 02:02:31','2021-12-01 02:02:31'),(178,'purringly',NULL,'2021-12-01 02:02:31','2021-12-01 02:02:31'),(179,'uplit',NULL,'2021-12-01 02:02:31','2021-12-01 02:02:31'),(180,'blasties',NULL,'2021-12-01 02:02:31','2021-12-01 02:02:31'),(181,'dozing',NULL,'2021-12-01 02:02:31','2021-12-01 02:02:31'),(182,'paretics',NULL,'2021-12-01 02:02:31','2021-12-01 02:02:31'),(183,'uninventive',NULL,'2021-12-01 02:02:31','2021-12-01 02:02:31'),(184,'plotter',NULL,'2021-12-01 02:02:31','2021-12-01 02:02:31'),(185,'supplants',NULL,'2021-12-01 02:02:31','2021-12-01 02:02:31'),(186,'littles',NULL,'2021-12-01 02:02:31','2021-12-01 02:02:31'),(187,'select',NULL,'2021-12-01 02:02:31','2021-12-01 02:02:31'),(188,'bushily',NULL,'2021-12-01 02:02:31','2021-12-01 02:02:31'),(189,'howls',NULL,'2021-12-01 02:02:31','2021-12-01 02:02:31'),(190,'assignation',NULL,'2021-12-01 02:02:31','2021-12-01 02:02:31'),(191,'fountainhead',NULL,'2021-12-01 02:02:31','2021-12-01 02:02:31'),(192,'yirring',NULL,'2021-12-01 02:02:31','2021-12-01 02:02:31'),(193,'houserooms',NULL,'2021-12-01 02:02:31','2021-12-01 02:02:31'),(194,'dragoon',NULL,'2021-12-01 02:02:31','2021-12-01 02:02:31'),(195,'indigenously',NULL,'2021-12-01 02:02:31','2021-12-01 02:02:31'),(196,'misknown',NULL,'2021-12-01 02:02:31','2021-12-01 02:02:31'),(197,'webcasted',NULL,'2021-12-01 02:02:31','2021-12-01 02:02:31'),(198,'laceration',NULL,'2021-12-01 02:02:31','2021-12-01 02:02:31'),(199,'unpacked',NULL,'2021-12-01 02:02:31','2021-12-01 02:02:31'),(200,'trustiness',NULL,'2021-12-01 02:02:31','2021-12-01 02:02:31'),(201,'redubbing',NULL,'2021-12-01 02:02:31','2021-12-01 02:02:31'),(202,'patter',NULL,'2021-12-01 02:02:31','2021-12-01 02:02:31'),(203,'jumpsuits',NULL,'2021-12-01 02:02:31','2021-12-01 02:02:31'),(204,'gyromagnetic',NULL,'2021-12-01 02:02:31','2021-12-01 02:02:31'),(205,'shocked',NULL,'2021-12-01 02:02:31','2021-12-01 02:02:31'),(206,'heelball',NULL,'2021-12-01 02:02:31','2021-12-01 02:02:31'),(207,'grogginess',NULL,'2021-12-01 02:02:31','2021-12-01 02:02:31'),(208,'repudiations',NULL,'2021-12-01 02:02:31','2021-12-01 02:02:31'),(209,'abridger',NULL,'2021-12-01 02:02:31','2021-12-01 02:02:31'),(210,'cabestro',NULL,'2021-12-01 02:02:31','2021-12-01 02:02:31'),(211,'swither',NULL,'2021-12-01 02:02:31','2021-12-01 02:02:31'),(212,'externalize',NULL,'2021-12-01 02:02:31','2021-12-01 02:02:31'),(213,'distracts',NULL,'2021-12-01 02:02:31','2021-12-01 02:02:31'),(214,'tzarina',NULL,'2021-12-01 02:02:31','2021-12-01 02:02:31'),(215,'sphene',NULL,'2021-12-01 02:02:31','2021-12-01 02:02:31'),(216,'aviarist',NULL,'2021-12-01 02:02:31','2021-12-01 02:02:31'),(217,'serotines',NULL,'2021-12-01 02:02:31','2021-12-01 02:02:31'),(218,'photolithograph',NULL,'2021-12-01 02:02:31','2021-12-01 02:02:31'),(219,'overmedicating',NULL,'2021-12-01 02:02:31','2021-12-01 02:02:31'),(220,'portiere',NULL,'2021-12-01 02:02:31','2021-12-01 02:02:31'),(221,'tailgater',NULL,'2021-12-01 02:02:31','2021-12-01 02:02:31'),(222,'mizenmast',NULL,'2021-12-01 02:02:31','2021-12-01 02:02:31'),(223,'loessial',NULL,'2021-12-01 02:02:31','2021-12-01 02:02:31'),(224,'affirmative',NULL,'2021-12-01 02:02:31','2021-12-01 02:02:31'),(225,'zygomorphic',NULL,'2021-12-01 02:02:31','2021-12-01 02:02:31'),(226,'symbolized',NULL,'2021-12-01 02:02:31','2021-12-01 02:02:31'),(227,'suffrage',NULL,'2021-12-01 02:02:31','2021-12-01 02:02:31'),(228,'dispraised',NULL,'2021-12-01 02:02:31','2021-12-01 02:02:31'),(229,'rerolling',NULL,'2021-12-01 02:02:31','2021-12-01 02:02:31'),(230,'methemoglobins',NULL,'2021-12-01 02:02:31','2021-12-01 02:02:31'),(231,'scrupulosities',NULL,'2021-12-01 02:02:31','2021-12-01 02:02:31'),(232,'lither',NULL,'2021-12-01 02:02:31','2021-12-01 02:02:31'),(233,'kindliness',NULL,'2021-12-01 02:02:31','2021-12-01 02:02:31'),(234,'gravestones',NULL,'2021-12-01 02:02:31','2021-12-01 02:02:31'),(235,'isobutane',NULL,'2021-12-01 02:02:31','2021-12-01 02:02:31'),(236,'santirs',NULL,'2021-12-01 02:02:31','2021-12-01 02:02:31'),(237,'equites',NULL,'2021-12-01 02:02:31','2021-12-01 02:02:31'),(238,'cappers',NULL,'2021-12-01 02:02:31','2021-12-01 02:02:31'),(239,'microfaunae',NULL,'2021-12-01 02:02:31','2021-12-01 02:02:31'),(240,'intersperse',NULL,'2021-12-01 02:02:31','2021-12-01 02:02:31'),(241,'anatomises',NULL,'2021-12-01 02:02:31','2021-12-01 02:02:31'),(242,'coversine',NULL,'2021-12-01 02:02:31','2021-12-01 02:02:31'),(243,'electroform',NULL,'2021-12-01 02:02:31','2021-12-01 02:02:31'),(244,'mintage',NULL,'2021-12-01 02:02:31','2021-12-01 02:02:31'),(245,'bekisses',NULL,'2021-12-01 02:02:31','2021-12-01 02:02:31'),(246,'denned',NULL,'2021-12-01 02:02:31','2021-12-01 02:02:31'),(247,'dictated',NULL,'2021-12-01 02:02:31','2021-12-01 02:02:31'),(248,'dynatron',NULL,'2021-12-01 02:02:31','2021-12-01 02:02:31'),(249,'chica',NULL,'2021-12-01 02:02:31','2021-12-01 02:02:31'),(250,'hoselike',NULL,'2021-12-01 02:02:31','2021-12-01 02:02:31'),(251,'chemisorptions',NULL,'2021-12-01 02:02:31','2021-12-01 02:02:31'),(252,'dialectically',NULL,'2021-12-01 02:02:31','2021-12-01 02:02:31'),(253,'sacrednesses',NULL,'2021-12-01 02:02:31','2021-12-01 02:02:31'),(254,'levirate',NULL,'2021-12-01 02:02:31','2021-12-01 02:02:31'),(255,'ternions',NULL,'2021-12-01 02:02:31','2021-12-01 02:02:31'),(256,'restrainer',NULL,'2021-12-01 02:02:31','2021-12-01 02:02:31'),(257,'patronize',NULL,'2021-12-01 02:02:31','2021-12-01 02:02:31'),(258,'immensest',NULL,'2021-12-01 02:02:31','2021-12-01 02:02:31'),(259,'femurs',NULL,'2021-12-01 02:02:31','2021-12-01 02:02:31'),(260,'homie',NULL,'2021-12-01 02:02:31','2021-12-01 02:02:31'),(261,'cudgeled',NULL,'2021-12-01 02:02:31','2021-12-01 02:02:31'),(262,'spherometer',NULL,'2021-12-01 02:02:31','2021-12-01 02:02:31'),(263,'jerboa',NULL,'2021-12-01 02:02:31','2021-12-01 02:02:31'),(264,'afterglow',NULL,'2021-12-01 02:02:31','2021-12-01 02:02:31'),(265,'incitements',NULL,'2021-12-01 02:02:31','2021-12-01 02:02:31'),(266,'arbuscles',NULL,'2021-12-01 02:02:31','2021-12-01 02:02:31'),(267,'shelliest',NULL,'2021-12-01 02:02:31','2021-12-01 02:02:31'),(268,'tiger',NULL,'2021-12-01 02:02:31','2021-12-01 02:02:31'),(269,'procreative',NULL,'2021-12-01 02:02:31','2021-12-01 02:02:31'),(270,'seitan',NULL,'2021-12-01 02:02:31','2021-12-01 02:02:31'),(271,'summas',NULL,'2021-12-01 02:02:31','2021-12-01 02:02:31'),(272,'comether',NULL,'2021-12-01 02:02:31','2021-12-01 02:02:31'),(273,'physicalities',NULL,'2021-12-01 02:02:31','2021-12-01 02:02:31'),(274,'sweetens',NULL,'2021-12-01 02:02:31','2021-12-01 02:02:31'),(275,'oughts',NULL,'2021-12-01 02:02:31','2021-12-01 02:02:31'),(276,'binarism',NULL,'2021-12-01 02:02:31','2021-12-01 02:02:31'),(277,'polygonums',NULL,'2021-12-01 02:02:31','2021-12-01 02:02:31'),(278,'fennecs',NULL,'2021-12-01 02:02:31','2021-12-01 02:02:31'),(279,'workflows',NULL,'2021-12-01 02:02:31','2021-12-01 02:02:31'),(280,'pseudocoelomate',NULL,'2021-12-01 02:02:31','2021-12-01 02:02:31'),(281,'stakeholder',NULL,'2021-12-01 02:02:31','2021-12-01 02:02:31'),(282,'osmolarity',NULL,'2021-12-01 02:02:31','2021-12-01 02:02:31'),(283,'theatergoers',NULL,'2021-12-01 02:02:31','2021-12-01 02:02:31'),(284,'maidservants',NULL,'2021-12-01 02:02:31','2021-12-01 02:02:31'),(285,'mistypes',NULL,'2021-12-01 02:02:31','2021-12-01 02:02:31'),(286,'twelfth',NULL,'2021-12-01 02:02:31','2021-12-01 02:02:31'),(287,'amine',NULL,'2021-12-01 02:02:31','2021-12-01 02:02:31'),(288,'denyingly',NULL,'2021-12-01 02:02:31','2021-12-01 02:02:31'),(289,'unweary',NULL,'2021-12-01 02:02:31','2021-12-01 02:02:31'),(290,'sticktight',NULL,'2021-12-01 02:02:31','2021-12-01 02:02:31'),(291,'predoctoral',NULL,'2021-12-01 02:02:31','2021-12-01 02:02:31'),(292,'finalis',NULL,'2021-12-01 02:02:31','2021-12-01 02:02:31'),(293,'aphetically',NULL,'2021-12-01 02:02:31','2021-12-01 02:02:31'),(294,'rapprochements',NULL,'2021-12-01 02:02:31','2021-12-01 02:02:31'),(295,'smokily',NULL,'2021-12-01 02:02:31','2021-12-01 02:02:31'),(296,'nenes',NULL,'2021-12-01 02:02:31','2021-12-01 02:02:31'),(297,'befoul',NULL,'2021-12-01 02:02:31','2021-12-01 02:02:31'),(298,'arshin',NULL,'2021-12-01 02:02:31','2021-12-01 02:02:31'),(299,'taggers',NULL,'2021-12-01 02:02:31','2021-12-01 02:02:31'),(300,'sissy',NULL,'2021-12-01 02:02:31','2021-12-01 02:02:31'),(301,'triplexes',NULL,'2021-12-01 02:02:31','2021-12-01 02:02:31'),(302,'colorcast',NULL,'2021-12-01 02:02:31','2021-12-01 02:02:31'),(303,'baby',NULL,'2021-12-01 02:02:31','2021-12-01 02:02:31'),(304,'crammers',NULL,'2021-12-01 02:02:31','2021-12-01 02:02:31'),(305,'truculences',NULL,'2021-12-01 02:02:31','2021-12-01 02:02:31'),(306,'multifunction',NULL,'2021-12-01 02:02:31','2021-12-01 02:02:31'),(307,'phreatophytic',NULL,'2021-12-01 02:02:31','2021-12-01 02:02:31'),(308,'confraternities',NULL,'2021-12-01 02:02:31','2021-12-01 02:02:31'),(309,'repasts',NULL,'2021-12-01 02:02:31','2021-12-01 02:02:31'),(310,'keloids',NULL,'2021-12-01 02:02:31','2021-12-01 02:02:31'),(311,'fluoxetine',NULL,'2021-12-01 02:02:31','2021-12-01 02:02:31'),(312,'chalot',NULL,'2021-12-01 02:02:31','2021-12-01 02:02:31'),(313,'infrahumans',NULL,'2021-12-01 02:02:31','2021-12-01 02:02:31'),(314,'windsurfings',NULL,'2021-12-01 02:02:31','2021-12-01 02:02:31'),(315,'guitguit',NULL,'2021-12-01 02:02:31','2021-12-01 02:02:31'),(316,'widespread',NULL,'2021-12-01 02:02:31','2021-12-01 02:02:31'),(317,'blueshifts',NULL,'2021-12-01 02:02:31','2021-12-01 02:02:31'),(318,'incomputable',NULL,'2021-12-01 02:02:31','2021-12-01 02:02:31'),(319,'polyanthas',NULL,'2021-12-01 02:02:31','2021-12-01 02:02:31'),(320,'marmoset',NULL,'2021-12-01 02:02:31','2021-12-01 02:02:31'),(321,'rootstock',NULL,'2021-12-01 02:02:31','2021-12-01 02:02:31'),(322,'frustules',NULL,'2021-12-01 02:02:31','2021-12-01 02:02:31'),(323,'transmuting',NULL,'2021-12-01 02:02:31','2021-12-01 02:02:31'),(324,'oceloid',NULL,'2021-12-01 02:02:31','2021-12-01 02:02:31'),(325,'thylacines',NULL,'2021-12-01 02:02:31','2021-12-01 02:02:31'),(326,'argillaceous',NULL,'2021-12-01 02:02:31','2021-12-01 02:02:31'),(327,'lectotype',NULL,'2021-12-01 02:02:31','2021-12-01 02:02:31'),(328,'bastinadoing',NULL,'2021-12-01 02:02:31','2021-12-01 02:02:31'),(329,'faddishnesses',NULL,'2021-12-01 02:02:31','2021-12-01 02:02:31'),(330,'unmiter',NULL,'2021-12-01 02:02:31','2021-12-01 02:02:31'),(331,'broidered',NULL,'2021-12-01 02:02:31','2021-12-01 02:02:31'),(332,'chemosorb',NULL,'2021-12-01 02:02:31','2021-12-01 02:02:31'),(333,'cockshuts',NULL,'2021-12-01 02:02:31','2021-12-01 02:02:31'),(334,'thalassaemia',NULL,'2021-12-01 02:02:31','2021-12-01 02:02:31'),(335,'ashplants',NULL,'2021-12-01 02:02:31','2021-12-01 02:02:31'),(336,'gayals',NULL,'2021-12-01 02:02:31','2021-12-01 02:02:31'),(337,'psychopathy',NULL,'2021-12-01 02:02:31','2021-12-01 02:02:31'),(338,'sidh',NULL,'2021-12-01 02:02:31','2021-12-01 02:02:31'),(339,'pyrethroid',NULL,'2021-12-01 02:02:31','2021-12-01 02:02:31'),(340,'reorient',NULL,'2021-12-01 02:02:31','2021-12-01 02:02:31'),(341,'soapily',NULL,'2021-12-01 02:02:31','2021-12-01 02:02:31'),(342,'nematode',NULL,'2021-12-01 02:02:31','2021-12-01 02:02:31'),(343,'voider',NULL,'2021-12-01 02:02:31','2021-12-01 02:02:31'),(344,'famishment',NULL,'2021-12-01 02:02:31','2021-12-01 02:02:31'),(345,'portulaca',NULL,'2021-12-01 02:02:31','2021-12-01 02:02:31'),(346,'deeper',NULL,'2021-12-01 02:02:31','2021-12-01 02:02:31'),(347,'megahertz',NULL,'2021-12-01 02:02:31','2021-12-01 02:02:31'),(348,'archesporia',NULL,'2021-12-01 02:02:31','2021-12-01 02:02:31'),(349,'talkatively',NULL,'2021-12-01 02:02:31','2021-12-01 02:02:31'),(350,'missal',NULL,'2021-12-01 02:02:31','2021-12-01 02:02:31'),(351,'pilus',NULL,'2021-12-01 02:02:31','2021-12-01 02:02:31'),(352,'pillowy',NULL,'2021-12-01 02:02:31','2021-12-01 02:02:31'),(353,'boccies',NULL,'2021-12-01 02:02:31','2021-12-01 02:02:31'),(354,'underflow',NULL,'2021-12-01 02:02:31','2021-12-01 02:02:31'),(355,'shaitans',NULL,'2021-12-01 02:02:31','2021-12-01 02:02:31'),(356,'hemolyzes',NULL,'2021-12-01 02:02:31','2021-12-01 02:02:31'),(357,'pullet',NULL,'2021-12-01 02:02:31','2021-12-01 02:02:31'),(358,'filmers',NULL,'2021-12-01 02:02:31','2021-12-01 02:02:31'),(359,'enhancer',NULL,'2021-12-01 02:02:31','2021-12-01 02:02:31'),(360,'oppositely',NULL,'2021-12-01 02:02:31','2021-12-01 02:02:31'),(361,'aerosolizes',NULL,'2021-12-01 02:02:31','2021-12-01 02:02:31'),(362,'almshouse',NULL,'2021-12-01 02:02:31','2021-12-01 02:02:31'),(363,'flabbergasting',NULL,'2021-12-01 02:02:31','2021-12-01 02:02:31'),(364,'restock',NULL,'2021-12-01 02:02:31','2021-12-01 02:02:31'),(365,'bents',NULL,'2021-12-01 02:02:31','2021-12-01 02:02:31'),(366,'stacked',NULL,'2021-12-01 02:02:31','2021-12-01 02:02:31'),(367,'freethinking',NULL,'2021-12-01 02:02:31','2021-12-01 02:02:31'),(368,'psalteries',NULL,'2021-12-01 02:02:31','2021-12-01 02:02:31'),(369,'mimeographs',NULL,'2021-12-01 02:02:31','2021-12-01 02:02:31'),(370,'socle',NULL,'2021-12-01 02:02:31','2021-12-01 02:02:31'),(371,'hexamines',NULL,'2021-12-01 02:02:31','2021-12-01 02:02:31'),(372,'provincials',NULL,'2021-12-01 02:02:31','2021-12-01 02:02:31'),(373,'demilunes',NULL,'2021-12-01 02:02:31','2021-12-01 02:02:31'),(374,'cummerbund',NULL,'2021-12-01 02:02:31','2021-12-01 02:02:31'),(375,'uredinial',NULL,'2021-12-01 02:02:31','2021-12-01 02:02:31'),(376,'basketfuls',NULL,'2021-12-01 02:02:31','2021-12-01 02:02:31'),(377,'til',NULL,'2021-12-01 02:02:31','2021-12-01 02:02:31'),(378,'colour',NULL,'2021-12-01 02:02:31','2021-12-01 02:02:31'),(379,'allotetraploid',NULL,'2021-12-01 02:02:31','2021-12-01 02:02:31'),(380,'bonuses',NULL,'2021-12-01 02:02:31','2021-12-01 02:02:31'),(381,'furs',NULL,'2021-12-01 02:02:31','2021-12-01 02:02:31'),(382,'relandscapes',NULL,'2021-12-01 02:02:31','2021-12-01 02:02:31'),(383,'phyllotaxis',NULL,'2021-12-01 02:02:31','2021-12-01 02:02:31'),(384,'fishbowl',NULL,'2021-12-01 02:02:31','2021-12-01 02:02:31'),(385,'analemma',NULL,'2021-12-01 02:02:31','2021-12-01 02:02:31'),(386,'storey',NULL,'2021-12-01 02:02:31','2021-12-01 02:02:31'),(387,'gallbladder',NULL,'2021-12-01 02:02:31','2021-12-01 02:02:31'),(388,'tautogs',NULL,'2021-12-01 02:02:31','2021-12-01 02:02:31'),(389,'gamble',NULL,'2021-12-01 02:02:31','2021-12-01 02:02:31'),(390,'seiners',NULL,'2021-12-01 02:02:31','2021-12-01 02:02:31'),(391,'oxazepam',NULL,'2021-12-01 02:02:31','2021-12-01 02:02:31'),(392,'beamier',NULL,'2021-12-01 02:02:31','2021-12-01 02:02:31'),(393,'donator',NULL,'2021-12-01 02:02:31','2021-12-01 02:02:31'),(394,'standby',NULL,'2021-12-01 02:02:31','2021-12-01 02:02:31'),(395,'retargets',NULL,'2021-12-01 02:02:31','2021-12-01 02:02:31'),(396,'wimps',NULL,'2021-12-01 02:02:31','2021-12-01 02:02:31'),(397,'nielloed',NULL,'2021-12-01 02:02:31','2021-12-01 02:02:31'),(398,'smudgiest',NULL,'2021-12-01 02:02:31','2021-12-01 02:02:31'),(399,'zonks',NULL,'2021-12-01 02:02:31','2021-12-01 02:02:31'),(400,'dulse',NULL,'2021-12-01 02:02:31','2021-12-01 02:02:31'),(401,'disseminule',NULL,'2021-12-01 02:02:31','2021-12-01 02:02:31'),(402,'tippytoes',NULL,'2021-12-01 02:02:31','2021-12-01 02:02:31');
/*!40000 ALTER TABLE `artists` ENABLE KEYS */;
UNLOCK TABLES;

--
-- Table structure for table `artists_albums`
--

DROP TABLE IF EXISTS `artists_albums`;
/*!40101 SET @saved_cs_client     = @@character_set_client */;
/*!50503 SET character_set_client = utf8mb4 */;
CREATE TABLE `artists_albums` (
  `id` int NOT NULL AUTO_INCREMENT,
  `artists` int DEFAULT NULL,
  `albums` int DEFAULT NULL,
  `created_at` timestamp NULL DEFAULT CURRENT_TIMESTAMP,
  `updated_at` timestamp NULL DEFAULT CURRENT_TIMESTAMP ON UPDATE CURRENT_TIMESTAMP,
  PRIMARY KEY (`id`),
  KEY `artists` (`artists`),
  KEY `albums` (`albums`),
  CONSTRAINT `artists_albums_ibfk_1` FOREIGN KEY (`artists`) REFERENCES `artists` (`id`),
  CONSTRAINT `artists_albums_ibfk_2` FOREIGN KEY (`albums`) REFERENCES `albums` (`id`)
) ENGINE=InnoDB AUTO_INCREMENT=370 DEFAULT CHARSET=utf8mb4 COLLATE=utf8mb4_0900_ai_ci;
/*!40101 SET character_set_client = @saved_cs_client */;

--
-- Dumping data for table `artists_albums`
--

LOCK TABLES `artists_albums` WRITE;
/*!40000 ALTER TABLE `artists_albums` DISABLE KEYS */;
INSERT INTO `artists_albums` VALUES (1,1,1,'2021-12-01 00:38:34','2021-12-01 00:38:34'),(2,2,2,'2021-12-01 00:38:34','2021-12-01 00:38:34'),(70,116,651,'2021-12-01 02:02:32','2021-12-01 02:02:32'),(71,313,193,'2021-12-01 02:02:32','2021-12-01 02:02:32'),(72,82,489,'2021-12-01 02:02:32','2021-12-01 02:02:32'),(73,320,431,'2021-12-01 02:02:32','2021-12-01 02:02:32'),(74,194,714,'2021-12-01 02:02:32','2021-12-01 02:02:32'),(75,177,570,'2021-12-01 02:02:32','2021-12-01 02:02:32'),(76,252,159,'2021-12-01 02:02:32','2021-12-01 02:02:32'),(77,367,260,'2021-12-01 02:02:32','2021-12-01 02:02:32'),(78,238,608,'2021-12-01 02:02:32','2021-12-01 02:02:32'),(79,341,172,'2021-12-01 02:02:32','2021-12-01 02:02:32'),(80,386,610,'2021-12-01 02:02:32','2021-12-01 02:02:32'),(81,73,437,'2021-12-01 02:02:32','2021-12-01 02:02:32'),(82,279,94,'2021-12-01 02:02:32','2021-12-01 02:02:32'),(83,161,347,'2021-12-01 02:02:32','2021-12-01 02:02:32'),(84,363,687,'2021-12-01 02:02:32','2021-12-01 02:02:32'),(85,236,385,'2021-12-01 02:02:32','2021-12-01 02:02:32'),(86,153,665,'2021-12-01 02:02:32','2021-12-01 02:02:32'),(87,280,501,'2021-12-01 02:02:32','2021-12-01 02:02:32'),(88,108,84,'2021-12-01 02:02:32','2021-12-01 02:02:32'),(89,133,355,'2021-12-01 02:02:32','2021-12-01 02:02:32'),(90,168,577,'2021-12-01 02:02:32','2021-12-01 02:02:32'),(91,149,81,'2021-12-01 02:02:32','2021-12-01 02:02:32'),(92,93,715,'2021-12-01 02:02:32','2021-12-01 02:02:32'),(93,199,243,'2021-12-01 02:02:32','2021-12-01 02:02:32'),(94,357,292,'2021-12-01 02:02:32','2021-12-01 02:02:32'),(95,346,429,'2021-12-01 02:02:32','2021-12-01 02:02:32'),(96,351,142,'2021-12-01 02:02:32','2021-12-01 02:02:32'),(97,353,578,'2021-12-01 02:02:32','2021-12-01 02:02:32'),(98,88,680,'2021-12-01 02:02:32','2021-12-01 02:02:32'),(99,100,169,'2021-12-01 02:02:32','2021-12-01 02:02:32'),(100,233,398,'2021-12-01 02:02:32','2021-12-01 02:02:32'),(101,76,423,'2021-12-01 02:02:32','2021-12-01 02:02:32'),(102,201,195,'2021-12-01 02:02:32','2021-12-01 02:02:32'),(103,109,612,'2021-12-01 02:02:32','2021-12-01 02:02:32'),(104,398,613,'2021-12-01 02:02:32','2021-12-01 02:02:32'),(105,144,426,'2021-12-01 02:02:32','2021-12-01 02:02:32'),(106,75,127,'2021-12-01 02:02:32','2021-12-01 02:02:32'),(107,92,86,'2021-12-01 02:02:32','2021-12-01 02:02:32'),(108,299,633,'2021-12-01 02:02:32','2021-12-01 02:02:32'),(109,219,720,'2021-12-01 02:02:32','2021-12-01 02:02:32'),(110,158,446,'2021-12-01 02:02:32','2021-12-01 02:02:32'),(111,280,494,'2021-12-01 02:02:32','2021-12-01 02:02:32'),(112,248,554,'2021-12-01 02:02:32','2021-12-01 02:02:32'),(113,202,296,'2021-12-01 02:02:32','2021-12-01 02:02:32'),(114,189,416,'2021-12-01 02:02:32','2021-12-01 02:02:32'),(115,99,490,'2021-12-01 02:02:32','2021-12-01 02:02:32'),(116,385,241,'2021-12-01 02:02:32','2021-12-01 02:02:32'),(117,189,233,'2021-12-01 02:02:32','2021-12-01 02:02:32'),(118,268,460,'2021-12-01 02:02:32','2021-12-01 02:02:32'),(119,389,243,'2021-12-01 02:02:32','2021-12-01 02:02:32'),(120,139,100,'2021-12-01 02:02:32','2021-12-01 02:02:32'),(121,324,469,'2021-12-01 02:02:32','2021-12-01 02:02:32'),(122,187,159,'2021-12-01 02:02:32','2021-12-01 02:02:32'),(123,78,728,'2021-12-01 02:02:32','2021-12-01 02:02:32'),(124,218,428,'2021-12-01 02:02:32','2021-12-01 02:02:32'),(125,283,552,'2021-12-01 02:02:32','2021-12-01 02:02:32'),(126,73,704,'2021-12-01 02:02:32','2021-12-01 02:02:32'),(127,190,345,'2021-12-01 02:02:32','2021-12-01 02:02:32'),(128,374,421,'2021-12-01 02:02:32','2021-12-01 02:02:32'),(129,130,378,'2021-12-01 02:02:32','2021-12-01 02:02:32'),(130,396,601,'2021-12-01 02:02:32','2021-12-01 02:02:32'),(131,332,368,'2021-12-01 02:02:32','2021-12-01 02:02:32'),(132,120,657,'2021-12-01 02:02:32','2021-12-01 02:02:32'),(133,284,239,'2021-12-01 02:02:32','2021-12-01 02:02:32'),(134,321,568,'2021-12-01 02:02:32','2021-12-01 02:02:32'),(135,122,260,'2021-12-01 02:02:32','2021-12-01 02:02:32'),(136,291,194,'2021-12-01 02:02:32','2021-12-01 02:02:32'),(137,270,591,'2021-12-01 02:02:32','2021-12-01 02:02:32'),(138,389,405,'2021-12-01 02:02:32','2021-12-01 02:02:32'),(139,200,426,'2021-12-01 02:02:32','2021-12-01 02:02:32'),(140,126,363,'2021-12-01 02:02:32','2021-12-01 02:02:32'),(141,87,524,'2021-12-01 02:02:32','2021-12-01 02:02:32'),(142,321,363,'2021-12-01 02:02:32','2021-12-01 02:02:32'),(143,84,280,'2021-12-01 02:02:32','2021-12-01 02:02:32'),(144,179,667,'2021-12-01 02:02:32','2021-12-01 02:02:32'),(145,176,238,'2021-12-01 02:02:32','2021-12-01 02:02:32'),(146,362,421,'2021-12-01 02:02:32','2021-12-01 02:02:32'),(147,363,266,'2021-12-01 02:02:32','2021-12-01 02:02:32'),(148,307,435,'2021-12-01 02:02:32','2021-12-01 02:02:32'),(149,95,248,'2021-12-01 02:02:32','2021-12-01 02:02:32'),(150,182,237,'2021-12-01 02:02:32','2021-12-01 02:02:32'),(151,324,351,'2021-12-01 02:02:32','2021-12-01 02:02:32'),(152,390,238,'2021-12-01 02:02:32','2021-12-01 02:02:32'),(153,137,162,'2021-12-01 02:02:32','2021-12-01 02:02:32'),(154,266,212,'2021-12-01 02:02:32','2021-12-01 02:02:32'),(155,105,480,'2021-12-01 02:02:32','2021-12-01 02:02:32'),(156,144,470,'2021-12-01 02:02:32','2021-12-01 02:02:32'),(157,158,541,'2021-12-01 02:02:32','2021-12-01 02:02:32'),(158,290,329,'2021-12-01 02:02:32','2021-12-01 02:02:32'),(159,390,412,'2021-12-01 02:02:32','2021-12-01 02:02:32'),(160,316,699,'2021-12-01 02:02:32','2021-12-01 02:02:32'),(161,380,139,'2021-12-01 02:02:32','2021-12-01 02:02:32'),(162,237,696,'2021-12-01 02:02:32','2021-12-01 02:02:32'),(163,289,117,'2021-12-01 02:02:32','2021-12-01 02:02:32'),(164,232,676,'2021-12-01 02:02:32','2021-12-01 02:02:32'),(165,168,407,'2021-12-01 02:02:32','2021-12-01 02:02:32'),(166,401,267,'2021-12-01 02:02:32','2021-12-01 02:02:32'),(167,117,218,'2021-12-01 02:02:32','2021-12-01 02:02:32'),(168,385,139,'2021-12-01 02:02:32','2021-12-01 02:02:32'),(169,177,499,'2021-12-01 02:02:32','2021-12-01 02:02:32'),(170,399,403,'2021-12-01 02:02:32','2021-12-01 02:02:32'),(171,309,316,'2021-12-01 02:02:32','2021-12-01 02:02:32'),(172,82,704,'2021-12-01 02:02:32','2021-12-01 02:02:32'),(173,70,249,'2021-12-01 02:02:32','2021-12-01 02:02:32'),(174,322,449,'2021-12-01 02:02:32','2021-12-01 02:02:32'),(175,348,639,'2021-12-01 02:02:32','2021-12-01 02:02:32'),(176,168,380,'2021-12-01 02:02:32','2021-12-01 02:02:32'),(177,384,577,'2021-12-01 02:02:32','2021-12-01 02:02:32'),(178,323,192,'2021-12-01 02:02:32','2021-12-01 02:02:32'),(179,333,439,'2021-12-01 02:02:32','2021-12-01 02:02:32'),(180,178,329,'2021-12-01 02:02:32','2021-12-01 02:02:32'),(181,377,236,'2021-12-01 02:02:32','2021-12-01 02:02:32'),(182,156,726,'2021-12-01 02:02:32','2021-12-01 02:02:32'),(183,239,245,'2021-12-01 02:02:32','2021-12-01 02:02:32'),(184,155,486,'2021-12-01 02:02:32','2021-12-01 02:02:32'),(185,254,403,'2021-12-01 02:02:32','2021-12-01 02:02:32'),(186,124,453,'2021-12-01 02:02:32','2021-12-01 02:02:32'),(187,383,178,'2021-12-01 02:02:32','2021-12-01 02:02:32'),(188,383,691,'2021-12-01 02:02:32','2021-12-01 02:02:32'),(189,339,438,'2021-12-01 02:02:32','2021-12-01 02:02:32'),(190,219,295,'2021-12-01 02:02:32','2021-12-01 02:02:32'),(191,306,327,'2021-12-01 02:02:32','2021-12-01 02:02:32'),(192,398,212,'2021-12-01 02:02:32','2021-12-01 02:02:32'),(193,284,339,'2021-12-01 02:02:32','2021-12-01 02:02:32'),(194,145,109,'2021-12-01 02:02:32','2021-12-01 02:02:32'),(195,250,397,'2021-12-01 02:02:32','2021-12-01 02:02:32'),(196,340,234,'2021-12-01 02:02:32','2021-12-01 02:02:32'),(197,357,679,'2021-12-01 02:02:32','2021-12-01 02:02:32'),(198,355,116,'2021-12-01 02:02:32','2021-12-01 02:02:32'),(199,259,583,'2021-12-01 02:02:32','2021-12-01 02:02:32'),(200,159,568,'2021-12-01 02:02:32','2021-12-01 02:02:32'),(201,165,437,'2021-12-01 02:02:32','2021-12-01 02:02:32'),(202,375,520,'2021-12-01 02:02:32','2021-12-01 02:02:32'),(203,214,185,'2021-12-01 02:02:32','2021-12-01 02:02:32'),(204,225,693,'2021-12-01 02:02:32','2021-12-01 02:02:32'),(205,274,611,'2021-12-01 02:02:32','2021-12-01 02:02:32'),(206,158,158,'2021-12-01 02:02:32','2021-12-01 02:02:32'),(207,256,367,'2021-12-01 02:02:32','2021-12-01 02:02:32'),(208,318,111,'2021-12-01 02:02:32','2021-12-01 02:02:32'),(209,287,179,'2021-12-01 02:02:32','2021-12-01 02:02:32'),(210,157,108,'2021-12-01 02:02:32','2021-12-01 02:02:32'),(211,112,369,'2021-12-01 02:02:32','2021-12-01 02:02:32'),(212,379,599,'2021-12-01 02:02:32','2021-12-01 02:02:32'),(213,368,481,'2021-12-01 02:02:32','2021-12-01 02:02:32'),(214,184,163,'2021-12-01 02:02:32','2021-12-01 02:02:32'),(215,391,316,'2021-12-01 02:02:32','2021-12-01 02:02:32'),(216,382,275,'2021-12-01 02:02:32','2021-12-01 02:02:32'),(217,285,693,'2021-12-01 02:02:32','2021-12-01 02:02:32'),(218,322,226,'2021-12-01 02:02:32','2021-12-01 02:02:32'),(219,76,472,'2021-12-01 02:02:32','2021-12-01 02:02:32'),(220,187,656,'2021-12-01 02:02:32','2021-12-01 02:02:32'),(221,349,486,'2021-12-01 02:02:32','2021-12-01 02:02:32'),(222,363,730,'2021-12-01 02:02:32','2021-12-01 02:02:32'),(223,394,113,'2021-12-01 02:02:32','2021-12-01 02:02:32'),(224,283,385,'2021-12-01 02:02:32','2021-12-01 02:02:32'),(225,215,486,'2021-12-01 02:02:32','2021-12-01 02:02:32'),(226,336,548,'2021-12-01 02:02:32','2021-12-01 02:02:32'),(227,195,485,'2021-12-01 02:02:32','2021-12-01 02:02:32'),(228,390,407,'2021-12-01 02:02:32','2021-12-01 02:02:32'),(229,361,657,'2021-12-01 02:02:32','2021-12-01 02:02:32'),(230,142,217,'2021-12-01 02:02:32','2021-12-01 02:02:32'),(231,229,289,'2021-12-01 02:02:32','2021-12-01 02:02:32'),(232,92,683,'2021-12-01 02:02:32','2021-12-01 02:02:32'),(233,392,362,'2021-12-01 02:02:32','2021-12-01 02:02:32'),(234,174,202,'2021-12-01 02:02:32','2021-12-01 02:02:32'),(235,254,442,'2021-12-01 02:02:32','2021-12-01 02:02:32'),(236,80,79,'2021-12-01 02:02:32','2021-12-01 02:02:32'),(237,301,733,'2021-12-01 02:02:32','2021-12-01 02:02:32'),(238,248,373,'2021-12-01 02:02:32','2021-12-01 02:02:32'),(239,373,102,'2021-12-01 02:02:32','2021-12-01 02:02:32'),(240,175,682,'2021-12-01 02:02:32','2021-12-01 02:02:32'),(241,326,227,'2021-12-01 02:02:32','2021-12-01 02:02:32'),(242,123,380,'2021-12-01 02:02:32','2021-12-01 02:02:32'),(243,153,590,'2021-12-01 02:02:32','2021-12-01 02:02:32'),(244,247,308,'2021-12-01 02:02:32','2021-12-01 02:02:32'),(245,250,493,'2021-12-01 02:02:32','2021-12-01 02:02:32'),(246,220,252,'2021-12-01 02:02:32','2021-12-01 02:02:32'),(247,303,308,'2021-12-01 02:02:32','2021-12-01 02:02:32'),(248,277,711,'2021-12-01 02:02:32','2021-12-01 02:02:32'),(249,392,543,'2021-12-01 02:02:32','2021-12-01 02:02:32'),(250,92,383,'2021-12-01 02:02:32','2021-12-01 02:02:32'),(251,351,438,'2021-12-01 02:02:32','2021-12-01 02:02:32'),(252,170,715,'2021-12-01 02:02:32','2021-12-01 02:02:32'),(253,370,220,'2021-12-01 02:02:32','2021-12-01 02:02:32'),(254,392,262,'2021-12-01 02:02:32','2021-12-01 02:02:32'),(255,300,305,'2021-12-01 02:02:32','2021-12-01 02:02:32'),(256,185,324,'2021-12-01 02:02:32','2021-12-01 02:02:32'),(257,254,490,'2021-12-01 02:02:32','2021-12-01 02:02:32'),(258,1,384,'2021-12-01 02:02:32','2021-12-01 02:02:32'),(259,136,323,'2021-12-01 02:02:32','2021-12-01 02:02:32'),(260,81,698,'2021-12-01 02:02:32','2021-12-01 02:02:32'),(261,340,318,'2021-12-01 02:02:32','2021-12-01 02:02:32'),(262,244,562,'2021-12-01 02:02:32','2021-12-01 02:02:32'),(263,161,222,'2021-12-01 02:02:32','2021-12-01 02:02:32'),(264,389,281,'2021-12-01 02:02:32','2021-12-01 02:02:32'),(265,351,297,'2021-12-01 02:02:32','2021-12-01 02:02:32'),(266,185,289,'2021-12-01 02:02:32','2021-12-01 02:02:32'),(267,89,307,'2021-12-01 02:02:32','2021-12-01 02:02:32'),(268,313,694,'2021-12-01 02:02:32','2021-12-01 02:02:32'),(269,324,724,'2021-12-01 02:02:32','2021-12-01 02:02:32'),(270,340,596,'2021-12-01 02:02:32','2021-12-01 02:02:32'),(271,265,195,'2021-12-01 02:02:32','2021-12-01 02:02:32'),(272,291,123,'2021-12-01 02:02:32','2021-12-01 02:02:32'),(273,137,627,'2021-12-01 02:02:32','2021-12-01 02:02:32'),(274,375,128,'2021-12-01 02:02:32','2021-12-01 02:02:32'),(275,262,573,'2021-12-01 02:02:32','2021-12-01 02:02:32'),(276,290,96,'2021-12-01 02:02:32','2021-12-01 02:02:32'),(277,373,113,'2021-12-01 02:02:32','2021-12-01 02:02:32'),(278,321,137,'2021-12-01 02:02:32','2021-12-01 02:02:32'),(279,148,593,'2021-12-01 02:02:32','2021-12-01 02:02:32'),(280,134,589,'2021-12-01 02:02:32','2021-12-01 02:02:32'),(281,365,139,'2021-12-01 02:02:32','2021-12-01 02:02:32'),(282,305,74,'2021-12-01 02:02:32','2021-12-01 02:02:32'),(283,367,133,'2021-12-01 02:02:32','2021-12-01 02:02:32'),(284,187,92,'2021-12-01 02:02:32','2021-12-01 02:02:32'),(285,386,540,'2021-12-01 02:02:32','2021-12-01 02:02:32'),(286,144,273,'2021-12-01 02:02:32','2021-12-01 02:02:32'),(287,117,490,'2021-12-01 02:02:32','2021-12-01 02:02:32'),(288,348,720,'2021-12-01 02:02:32','2021-12-01 02:02:32'),(289,94,607,'2021-12-01 02:02:32','2021-12-01 02:02:32'),(290,146,233,'2021-12-01 02:02:32','2021-12-01 02:02:32'),(291,182,80,'2021-12-01 02:02:32','2021-12-01 02:02:32'),(292,264,536,'2021-12-01 02:02:32','2021-12-01 02:02:32'),(293,234,133,'2021-12-01 02:02:32','2021-12-01 02:02:32'),(294,187,260,'2021-12-01 02:02:32','2021-12-01 02:02:32'),(295,187,686,'2021-12-01 02:02:32','2021-12-01 02:02:32'),(296,327,195,'2021-12-01 02:02:32','2021-12-01 02:02:32'),(297,261,198,'2021-12-01 02:02:32','2021-12-01 02:02:32'),(298,229,680,'2021-12-01 02:02:32','2021-12-01 02:02:32'),(299,324,594,'2021-12-01 02:02:32','2021-12-01 02:02:32'),(300,393,674,'2021-12-01 02:02:32','2021-12-01 02:02:32'),(301,90,401,'2021-12-01 02:02:32','2021-12-01 02:02:32'),(302,366,119,'2021-12-01 02:02:32','2021-12-01 02:02:32'),(303,319,270,'2021-12-01 02:02:32','2021-12-01 02:02:32'),(304,135,722,'2021-12-01 02:02:32','2021-12-01 02:02:32'),(305,375,150,'2021-12-01 02:02:32','2021-12-01 02:02:32'),(306,353,506,'2021-12-01 02:02:32','2021-12-01 02:02:32'),(307,281,422,'2021-12-01 02:02:32','2021-12-01 02:02:32'),(308,287,574,'2021-12-01 02:02:32','2021-12-01 02:02:32'),(309,368,220,'2021-12-01 02:02:32','2021-12-01 02:02:32'),(310,300,253,'2021-12-01 02:02:32','2021-12-01 02:02:32'),(311,328,223,'2021-12-01 02:02:32','2021-12-01 02:02:32'),(312,127,495,'2021-12-01 02:02:32','2021-12-01 02:02:32'),(313,350,141,'2021-12-01 02:02:32','2021-12-01 02:02:32'),(314,217,612,'2021-12-01 02:02:32','2021-12-01 02:02:32'),(315,306,473,'2021-12-01 02:02:32','2021-12-01 02:02:32'),(316,307,502,'2021-12-01 02:02:32','2021-12-01 02:02:32'),(317,330,496,'2021-12-01 02:02:32','2021-12-01 02:02:32'),(318,82,272,'2021-12-01 02:02:32','2021-12-01 02:02:32'),(319,402,596,'2021-12-01 02:02:32','2021-12-01 02:02:32'),(320,342,412,'2021-12-01 02:02:32','2021-12-01 02:02:32'),(321,207,184,'2021-12-01 02:02:32','2021-12-01 02:02:32'),(322,279,585,'2021-12-01 02:02:32','2021-12-01 02:02:32'),(323,299,636,'2021-12-01 02:02:32','2021-12-01 02:02:32'),(324,279,661,'2021-12-01 02:02:32','2021-12-01 02:02:32'),(325,80,408,'2021-12-01 02:02:32','2021-12-01 02:02:32'),(326,115,728,'2021-12-01 02:02:32','2021-12-01 02:02:32'),(327,332,666,'2021-12-01 02:02:32','2021-12-01 02:02:32'),(328,124,560,'2021-12-01 02:02:32','2021-12-01 02:02:32'),(329,152,468,'2021-12-01 02:02:32','2021-12-01 02:02:32'),(330,368,585,'2021-12-01 02:02:32','2021-12-01 02:02:32'),(331,213,104,'2021-12-01 02:02:32','2021-12-01 02:02:32'),(332,74,499,'2021-12-01 02:02:32','2021-12-01 02:02:32'),(333,373,308,'2021-12-01 02:02:32','2021-12-01 02:02:32'),(334,183,455,'2021-12-01 02:02:32','2021-12-01 02:02:32'),(335,148,81,'2021-12-01 02:02:32','2021-12-01 02:02:32'),(336,373,637,'2021-12-01 02:02:32','2021-12-01 02:02:32'),(337,90,251,'2021-12-01 02:02:32','2021-12-01 02:02:32'),(338,109,362,'2021-12-01 02:02:32','2021-12-01 02:02:32'),(339,208,257,'2021-12-01 02:02:32','2021-12-01 02:02:32'),(340,365,317,'2021-12-01 02:02:32','2021-12-01 02:02:32'),(341,112,152,'2021-12-01 02:02:32','2021-12-01 02:02:32'),(342,142,656,'2021-12-01 02:02:32','2021-12-01 02:02:32'),(343,359,496,'2021-12-01 02:02:32','2021-12-01 02:02:32'),(344,328,713,'2021-12-01 02:02:32','2021-12-01 02:02:32'),(345,96,581,'2021-12-01 02:02:32','2021-12-01 02:02:32'),(346,376,375,'2021-12-01 02:02:32','2021-12-01 02:02:32'),(347,226,273,'2021-12-01 02:02:32','2021-12-01 02:02:32'),(348,341,542,'2021-12-01 02:02:32','2021-12-01 02:02:32'),(349,321,595,'2021-12-01 02:02:32','2021-12-01 02:02:32'),(350,347,317,'2021-12-01 02:02:32','2021-12-01 02:02:32'),(351,183,93,'2021-12-01 02:02:32','2021-12-01 02:02:32'),(352,320,675,'2021-12-01 02:02:32','2021-12-01 02:02:32'),(353,211,452,'2021-12-01 02:02:32','2021-12-01 02:02:32'),(354,197,310,'2021-12-01 02:02:32','2021-12-01 02:02:32'),(355,131,498,'2021-12-01 02:02:32','2021-12-01 02:02:32'),(356,241,170,'2021-12-01 02:02:32','2021-12-01 02:02:32'),(357,143,628,'2021-12-01 02:02:32','2021-12-01 02:02:32'),(358,201,336,'2021-12-01 02:02:32','2021-12-01 02:02:32'),(359,139,561,'2021-12-01 02:02:32','2021-12-01 02:02:32'),(360,1,392,'2021-12-01 02:02:32','2021-12-01 02:02:32'),(361,224,139,'2021-12-01 02:02:32','2021-12-01 02:02:32'),(362,210,676,'2021-12-01 02:02:32','2021-12-01 02:02:32'),(363,275,152,'2021-12-01 02:02:32','2021-12-01 02:02:32'),(364,74,213,'2021-12-01 02:02:32','2021-12-01 02:02:32'),(365,124,480,'2021-12-01 02:02:32','2021-12-01 02:02:32'),(366,208,600,'2021-12-01 02:02:32','2021-12-01 02:02:32'),(367,155,620,'2021-12-01 02:02:32','2021-12-01 02:02:32'),(368,186,233,'2021-12-01 02:02:32','2021-12-01 02:02:32'),(369,265,307,'2021-12-01 02:02:32','2021-12-01 02:02:32');
/*!40000 ALTER TABLE `artists_albums` ENABLE KEYS */;
UNLOCK TABLES;

--
-- Table structure for table `artists_songs`
--

DROP TABLE IF EXISTS `artists_songs`;
/*!40101 SET @saved_cs_client     = @@character_set_client */;
/*!50503 SET character_set_client = utf8mb4 */;
CREATE TABLE `artists_songs` (
  `id` int NOT NULL AUTO_INCREMENT,
  `artists` int DEFAULT NULL,
  `songs` int DEFAULT NULL,
  `created_at` timestamp NULL DEFAULT CURRENT_TIMESTAMP,
  `updated_at` timestamp NULL DEFAULT CURRENT_TIMESTAMP ON UPDATE CURRENT_TIMESTAMP,
  PRIMARY KEY (`id`),
  KEY `artists` (`artists`),
  KEY `songs` (`songs`),
  CONSTRAINT `artists_songs_ibfk_1` FOREIGN KEY (`artists`) REFERENCES `artists` (`id`),
  CONSTRAINT `artists_songs_ibfk_2` FOREIGN KEY (`songs`) REFERENCES `songs` (`id`)
) ENGINE=InnoDB AUTO_INCREMENT=370 DEFAULT CHARSET=utf8mb4 COLLATE=utf8mb4_0900_ai_ci;
/*!40101 SET character_set_client = @saved_cs_client */;

--
-- Dumping data for table `artists_songs`
--

LOCK TABLES `artists_songs` WRITE;
/*!40000 ALTER TABLE `artists_songs` DISABLE KEYS */;
INSERT INTO `artists_songs` VALUES (1,1,1,'2021-12-01 00:38:34','2021-12-01 00:38:34'),(2,1,2,'2021-12-01 00:38:34','2021-12-01 00:38:34'),(3,1,3,'2021-12-01 00:38:34','2021-12-01 00:38:34'),(4,1,4,'2021-12-01 00:38:34','2021-12-01 00:38:34'),(5,1,5,'2021-12-01 00:38:34','2021-12-01 00:38:34'),(6,1,6,'2021-12-01 00:38:34','2021-12-01 00:38:34'),(7,1,7,'2021-12-01 00:38:34','2021-12-01 00:38:34'),(8,1,8,'2021-12-01 00:38:34','2021-12-01 00:38:34'),(9,1,9,'2021-12-01 00:38:34','2021-12-01 00:38:34'),(10,1,10,'2021-12-01 00:38:34','2021-12-01 00:38:34'),(11,1,11,'2021-12-01 00:38:34','2021-12-01 00:38:34'),(12,2,12,'2021-12-01 00:38:34','2021-12-01 00:38:34'),(13,2,13,'2021-12-01 00:38:34','2021-12-01 00:38:34'),(14,2,14,'2021-12-01 00:38:34','2021-12-01 00:38:34'),(15,2,15,'2021-12-01 00:38:34','2021-12-01 00:38:34'),(16,2,16,'2021-12-01 00:38:34','2021-12-01 00:38:34'),(17,2,17,'2021-12-01 00:38:34','2021-12-01 00:38:34'),(18,2,18,'2021-12-01 00:38:34','2021-12-01 00:38:34'),(19,2,19,'2021-12-01 00:38:34','2021-12-01 00:38:34'),(20,2,20,'2021-12-01 00:38:34','2021-12-01 00:38:34'),(21,2,21,'2021-12-01 00:38:34','2021-12-01 00:38:34'),(22,2,22,'2021-12-01 00:38:34','2021-12-01 00:38:34'),(23,2,23,'2021-12-01 00:38:34','2021-12-01 00:38:34'),(70,116,146,'2021-12-01 02:02:32','2021-12-01 02:02:32'),(71,313,278,'2021-12-01 02:02:32','2021-12-01 02:02:32'),(72,82,14,'2021-12-01 02:02:32','2021-12-01 02:02:32'),(73,320,152,'2021-12-01 02:02:32','2021-12-01 02:02:32'),(74,194,186,'2021-12-01 02:02:32','2021-12-01 02:02:32'),(75,177,88,'2021-12-01 02:02:32','2021-12-01 02:02:32'),(76,252,210,'2021-12-01 02:02:32','2021-12-01 02:02:32'),(77,367,327,'2021-12-01 02:02:32','2021-12-01 02:02:32'),(78,238,282,'2021-12-01 02:02:32','2021-12-01 02:02:32'),(79,341,83,'2021-12-01 02:02:32','2021-12-01 02:02:32'),(80,386,135,'2021-12-01 02:02:32','2021-12-01 02:02:32'),(81,73,6,'2021-12-01 02:02:32','2021-12-01 02:02:32'),(82,279,327,'2021-12-01 02:02:32','2021-12-01 02:02:32'),(83,161,141,'2021-12-01 02:02:32','2021-12-01 02:02:32'),(84,363,160,'2021-12-01 02:02:32','2021-12-01 02:02:32'),(85,236,342,'2021-12-01 02:02:32','2021-12-01 02:02:32'),(86,153,332,'2021-12-01 02:02:32','2021-12-01 02:02:32'),(87,280,161,'2021-12-01 02:02:32','2021-12-01 02:02:32'),(88,108,296,'2021-12-01 02:02:32','2021-12-01 02:02:32'),(89,133,190,'2021-12-01 02:02:32','2021-12-01 02:02:32'),(90,168,247,'2021-12-01 02:02:32','2021-12-01 02:02:32'),(91,149,107,'2021-12-01 02:02:32','2021-12-01 02:02:32'),(92,93,340,'2021-12-01 02:02:32','2021-12-01 02:02:32'),(93,199,100,'2021-12-01 02:02:32','2021-12-01 02:02:32'),(94,357,4,'2021-12-01 02:02:32','2021-12-01 02:02:32'),(95,346,336,'2021-12-01 02:02:32','2021-12-01 02:02:32'),(96,351,280,'2021-12-01 02:02:32','2021-12-01 02:02:32'),(97,353,198,'2021-12-01 02:02:32','2021-12-01 02:02:32'),(98,88,366,'2021-12-01 02:02:32','2021-12-01 02:02:32'),(99,100,256,'2021-12-01 02:02:32','2021-12-01 02:02:32'),(100,233,271,'2021-12-01 02:02:32','2021-12-01 02:02:32'),(101,76,187,'2021-12-01 02:02:32','2021-12-01 02:02:32'),(102,201,95,'2021-12-01 02:02:32','2021-12-01 02:02:32'),(103,109,368,'2021-12-01 02:02:32','2021-12-01 02:02:32'),(104,398,342,'2021-12-01 02:02:32','2021-12-01 02:02:32'),(105,144,233,'2021-12-01 02:02:32','2021-12-01 02:02:32'),(106,75,201,'2021-12-01 02:02:32','2021-12-01 02:02:32'),(107,92,221,'2021-12-01 02:02:32','2021-12-01 02:02:32'),(108,299,376,'2021-12-01 02:02:32','2021-12-01 02:02:32'),(109,219,239,'2021-12-01 02:02:32','2021-12-01 02:02:32'),(110,158,1,'2021-12-01 02:02:32','2021-12-01 02:02:32'),(111,280,383,'2021-12-01 02:02:32','2021-12-01 02:02:32'),(112,248,211,'2021-12-01 02:02:32','2021-12-01 02:02:32'),(113,202,189,'2021-12-01 02:02:32','2021-12-01 02:02:32'),(114,189,293,'2021-12-01 02:02:32','2021-12-01 02:02:32'),(115,99,400,'2021-12-01 02:02:32','2021-12-01 02:02:32'),(116,385,111,'2021-12-01 02:02:32','2021-12-01 02:02:32'),(117,189,357,'2021-12-01 02:02:32','2021-12-01 02:02:32'),(118,268,347,'2021-12-01 02:02:32','2021-12-01 02:02:32'),(119,389,269,'2021-12-01 02:02:32','2021-12-01 02:02:32'),(120,139,92,'2021-12-01 02:02:32','2021-12-01 02:02:32'),(121,324,191,'2021-12-01 02:02:32','2021-12-01 02:02:32'),(122,187,375,'2021-12-01 02:02:32','2021-12-01 02:02:32'),(123,78,360,'2021-12-01 02:02:32','2021-12-01 02:02:32'),(124,218,224,'2021-12-01 02:02:32','2021-12-01 02:02:32'),(125,283,120,'2021-12-01 02:02:32','2021-12-01 02:02:32'),(126,73,199,'2021-12-01 02:02:32','2021-12-01 02:02:32'),(127,190,375,'2021-12-01 02:02:32','2021-12-01 02:02:32'),(128,374,252,'2021-12-01 02:02:32','2021-12-01 02:02:32'),(129,130,123,'2021-12-01 02:02:32','2021-12-01 02:02:32'),(130,396,193,'2021-12-01 02:02:32','2021-12-01 02:02:32'),(131,332,399,'2021-12-01 02:02:32','2021-12-01 02:02:32'),(132,120,405,'2021-12-01 02:02:32','2021-12-01 02:02:32'),(133,284,133,'2021-12-01 02:02:32','2021-12-01 02:02:32'),(134,321,240,'2021-12-01 02:02:32','2021-12-01 02:02:32'),(135,122,144,'2021-12-01 02:02:32','2021-12-01 02:02:32'),(136,291,91,'2021-12-01 02:02:32','2021-12-01 02:02:32'),(137,270,141,'2021-12-01 02:02:32','2021-12-01 02:02:32'),(138,389,104,'2021-12-01 02:02:32','2021-12-01 02:02:32'),(139,200,301,'2021-12-01 02:02:32','2021-12-01 02:02:32'),(140,126,281,'2021-12-01 02:02:32','2021-12-01 02:02:32'),(141,87,380,'2021-12-01 02:02:32','2021-12-01 02:02:32'),(142,321,114,'2021-12-01 02:02:32','2021-12-01 02:02:32'),(143,84,360,'2021-12-01 02:02:32','2021-12-01 02:02:32'),(144,179,186,'2021-12-01 02:02:32','2021-12-01 02:02:32'),(145,176,114,'2021-12-01 02:02:32','2021-12-01 02:02:32'),(146,362,394,'2021-12-01 02:02:32','2021-12-01 02:02:32'),(147,363,353,'2021-12-01 02:02:32','2021-12-01 02:02:32'),(148,307,225,'2021-12-01 02:02:32','2021-12-01 02:02:32'),(149,95,166,'2021-12-01 02:02:32','2021-12-01 02:02:32'),(150,182,288,'2021-12-01 02:02:32','2021-12-01 02:02:32'),(151,324,77,'2021-12-01 02:02:32','2021-12-01 02:02:32'),(152,390,17,'2021-12-01 02:02:32','2021-12-01 02:02:32'),(153,137,152,'2021-12-01 02:02:32','2021-12-01 02:02:32'),(154,266,392,'2021-12-01 02:02:32','2021-12-01 02:02:32'),(155,105,174,'2021-12-01 02:02:32','2021-12-01 02:02:32'),(156,144,362,'2021-12-01 02:02:32','2021-12-01 02:02:32'),(157,158,195,'2021-12-01 02:02:32','2021-12-01 02:02:32'),(158,290,273,'2021-12-01 02:02:32','2021-12-01 02:02:32'),(159,390,320,'2021-12-01 02:02:32','2021-12-01 02:02:32'),(160,316,336,'2021-12-01 02:02:32','2021-12-01 02:02:32'),(161,380,178,'2021-12-01 02:02:32','2021-12-01 02:02:32'),(162,237,91,'2021-12-01 02:02:32','2021-12-01 02:02:32'),(163,289,117,'2021-12-01 02:02:32','2021-12-01 02:02:32'),(164,232,205,'2021-12-01 02:02:32','2021-12-01 02:02:32'),(165,168,98,'2021-12-01 02:02:32','2021-12-01 02:02:32'),(166,401,104,'2021-12-01 02:02:32','2021-12-01 02:02:32'),(167,117,319,'2021-12-01 02:02:32','2021-12-01 02:02:32'),(168,385,344,'2021-12-01 02:02:32','2021-12-01 02:02:32'),(169,177,88,'2021-12-01 02:02:32','2021-12-01 02:02:32'),(170,399,295,'2021-12-01 02:02:32','2021-12-01 02:02:32'),(171,309,230,'2021-12-01 02:02:32','2021-12-01 02:02:32'),(172,82,305,'2021-12-01 02:02:32','2021-12-01 02:02:32'),(173,70,261,'2021-12-01 02:02:32','2021-12-01 02:02:32'),(174,322,168,'2021-12-01 02:02:32','2021-12-01 02:02:32'),(175,348,193,'2021-12-01 02:02:32','2021-12-01 02:02:32'),(176,168,268,'2021-12-01 02:02:32','2021-12-01 02:02:32'),(177,384,300,'2021-12-01 02:02:32','2021-12-01 02:02:32'),(178,323,210,'2021-12-01 02:02:32','2021-12-01 02:02:32'),(179,333,307,'2021-12-01 02:02:32','2021-12-01 02:02:32'),(180,178,221,'2021-12-01 02:02:32','2021-12-01 02:02:32'),(181,377,284,'2021-12-01 02:02:32','2021-12-01 02:02:32'),(182,156,361,'2021-12-01 02:02:32','2021-12-01 02:02:32'),(183,239,278,'2021-12-01 02:02:32','2021-12-01 02:02:32'),(184,155,219,'2021-12-01 02:02:32','2021-12-01 02:02:32'),(185,254,400,'2021-12-01 02:02:32','2021-12-01 02:02:32'),(186,124,100,'2021-12-01 02:02:32','2021-12-01 02:02:32'),(187,383,169,'2021-12-01 02:02:32','2021-12-01 02:02:32'),(188,383,308,'2021-12-01 02:02:32','2021-12-01 02:02:32'),(189,339,9,'2021-12-01 02:02:32','2021-12-01 02:02:32'),(190,219,150,'2021-12-01 02:02:32','2021-12-01 02:02:32'),(191,306,197,'2021-12-01 02:02:32','2021-12-01 02:02:32'),(192,398,11,'2021-12-01 02:02:32','2021-12-01 02:02:32'),(193,284,269,'2021-12-01 02:02:32','2021-12-01 02:02:32'),(194,145,304,'2021-12-01 02:02:32','2021-12-01 02:02:32'),(195,250,203,'2021-12-01 02:02:32','2021-12-01 02:02:32'),(196,340,294,'2021-12-01 02:02:32','2021-12-01 02:02:32'),(197,357,173,'2021-12-01 02:02:32','2021-12-01 02:02:32'),(198,355,97,'2021-12-01 02:02:32','2021-12-01 02:02:32'),(199,259,359,'2021-12-01 02:02:32','2021-12-01 02:02:32'),(200,159,182,'2021-12-01 02:02:32','2021-12-01 02:02:32'),(201,165,312,'2021-12-01 02:02:32','2021-12-01 02:02:32'),(202,375,101,'2021-12-01 02:02:32','2021-12-01 02:02:32'),(203,214,344,'2021-12-01 02:02:32','2021-12-01 02:02:32'),(204,225,129,'2021-12-01 02:02:32','2021-12-01 02:02:32'),(205,274,322,'2021-12-01 02:02:32','2021-12-01 02:02:32'),(206,158,238,'2021-12-01 02:02:32','2021-12-01 02:02:32'),(207,256,72,'2021-12-01 02:02:32','2021-12-01 02:02:32'),(208,318,203,'2021-12-01 02:02:32','2021-12-01 02:02:32'),(209,287,164,'2021-12-01 02:02:32','2021-12-01 02:02:32'),(210,157,189,'2021-12-01 02:02:32','2021-12-01 02:02:32'),(211,112,400,'2021-12-01 02:02:32','2021-12-01 02:02:32'),(212,379,156,'2021-12-01 02:02:32','2021-12-01 02:02:32'),(213,368,367,'2021-12-01 02:02:32','2021-12-01 02:02:32'),(214,184,358,'2021-12-01 02:02:32','2021-12-01 02:02:32'),(215,391,314,'2021-12-01 02:02:32','2021-12-01 02:02:32'),(216,382,374,'2021-12-01 02:02:32','2021-12-01 02:02:32'),(217,285,220,'2021-12-01 02:02:32','2021-12-01 02:02:32'),(218,322,5,'2021-12-01 02:02:32','2021-12-01 02:02:32'),(219,76,401,'2021-12-01 02:02:32','2021-12-01 02:02:32'),(220,187,189,'2021-12-01 02:02:32','2021-12-01 02:02:32'),(221,349,15,'2021-12-01 02:02:32','2021-12-01 02:02:32'),(222,363,106,'2021-12-01 02:02:32','2021-12-01 02:02:32'),(223,394,405,'2021-12-01 02:02:32','2021-12-01 02:02:32'),(224,283,382,'2021-12-01 02:02:32','2021-12-01 02:02:32'),(225,215,284,'2021-12-01 02:02:32','2021-12-01 02:02:32'),(226,336,332,'2021-12-01 02:02:32','2021-12-01 02:02:32'),(227,195,353,'2021-12-01 02:02:32','2021-12-01 02:02:32'),(228,390,299,'2021-12-01 02:02:32','2021-12-01 02:02:32'),(229,361,179,'2021-12-01 02:02:32','2021-12-01 02:02:32'),(230,142,388,'2021-12-01 02:02:32','2021-12-01 02:02:32'),(231,229,169,'2021-12-01 02:02:32','2021-12-01 02:02:32'),(232,92,286,'2021-12-01 02:02:32','2021-12-01 02:02:32'),(233,392,317,'2021-12-01 02:02:32','2021-12-01 02:02:32'),(234,174,160,'2021-12-01 02:02:32','2021-12-01 02:02:32'),(235,254,209,'2021-12-01 02:02:32','2021-12-01 02:02:32'),(236,80,314,'2021-12-01 02:02:32','2021-12-01 02:02:32'),(237,301,164,'2021-12-01 02:02:32','2021-12-01 02:02:32'),(238,248,149,'2021-12-01 02:02:32','2021-12-01 02:02:32'),(239,373,223,'2021-12-01 02:02:32','2021-12-01 02:02:32'),(240,175,266,'2021-12-01 02:02:32','2021-12-01 02:02:32'),(241,326,110,'2021-12-01 02:02:32','2021-12-01 02:02:32'),(242,123,140,'2021-12-01 02:02:32','2021-12-01 02:02:32'),(243,153,398,'2021-12-01 02:02:32','2021-12-01 02:02:32'),(244,247,95,'2021-12-01 02:02:32','2021-12-01 02:02:32'),(245,250,224,'2021-12-01 02:02:32','2021-12-01 02:02:32'),(246,220,11,'2021-12-01 02:02:32','2021-12-01 02:02:32'),(247,303,356,'2021-12-01 02:02:32','2021-12-01 02:02:32'),(248,277,257,'2021-12-01 02:02:32','2021-12-01 02:02:32'),(249,392,350,'2021-12-01 02:02:32','2021-12-01 02:02:32'),(250,92,112,'2021-12-01 02:02:32','2021-12-01 02:02:32'),(251,351,243,'2021-12-01 02:02:32','2021-12-01 02:02:32'),(252,170,328,'2021-12-01 02:02:32','2021-12-01 02:02:32'),(253,370,87,'2021-12-01 02:02:32','2021-12-01 02:02:32'),(254,392,147,'2021-12-01 02:02:32','2021-12-01 02:02:32'),(255,300,104,'2021-12-01 02:02:32','2021-12-01 02:02:32'),(256,185,163,'2021-12-01 02:02:32','2021-12-01 02:02:32'),(257,254,201,'2021-12-01 02:02:32','2021-12-01 02:02:32'),(258,1,116,'2021-12-01 02:02:32','2021-12-01 02:02:32'),(259,136,299,'2021-12-01 02:02:32','2021-12-01 02:02:32'),(260,81,23,'2021-12-01 02:02:32','2021-12-01 02:02:32'),(261,340,370,'2021-12-01 02:02:32','2021-12-01 02:02:32'),(262,244,203,'2021-12-01 02:02:32','2021-12-01 02:02:32'),(263,161,230,'2021-12-01 02:02:32','2021-12-01 02:02:32'),(264,389,395,'2021-12-01 02:02:32','2021-12-01 02:02:32'),(265,351,72,'2021-12-01 02:02:32','2021-12-01 02:02:32'),(266,185,23,'2021-12-01 02:02:32','2021-12-01 02:02:32'),(267,89,308,'2021-12-01 02:02:32','2021-12-01 02:02:32'),(268,313,97,'2021-12-01 02:02:32','2021-12-01 02:02:32'),(269,324,11,'2021-12-01 02:02:32','2021-12-01 02:02:32'),(270,340,128,'2021-12-01 02:02:32','2021-12-01 02:02:32'),(271,265,374,'2021-12-01 02:02:32','2021-12-01 02:02:32'),(272,291,378,'2021-12-01 02:02:32','2021-12-01 02:02:32'),(273,137,343,'2021-12-01 02:02:32','2021-12-01 02:02:32'),(274,375,390,'2021-12-01 02:02:32','2021-12-01 02:02:32'),(275,262,179,'2021-12-01 02:02:32','2021-12-01 02:02:32'),(276,290,217,'2021-12-01 02:02:32','2021-12-01 02:02:32'),(277,373,390,'2021-12-01 02:02:32','2021-12-01 02:02:32'),(278,321,145,'2021-12-01 02:02:32','2021-12-01 02:02:32'),(279,148,275,'2021-12-01 02:02:32','2021-12-01 02:02:32'),(280,134,396,'2021-12-01 02:02:32','2021-12-01 02:02:32'),(281,365,339,'2021-12-01 02:02:32','2021-12-01 02:02:32'),(282,305,109,'2021-12-01 02:02:32','2021-12-01 02:02:32'),(283,367,380,'2021-12-01 02:02:32','2021-12-01 02:02:32'),(284,187,125,'2021-12-01 02:02:32','2021-12-01 02:02:32'),(285,386,105,'2021-12-01 02:02:32','2021-12-01 02:02:32'),(286,144,298,'2021-12-01 02:02:32','2021-12-01 02:02:32'),(287,117,164,'2021-12-01 02:02:32','2021-12-01 02:02:32'),(288,348,283,'2021-12-01 02:02:32','2021-12-01 02:02:32'),(289,94,291,'2021-12-01 02:02:32','2021-12-01 02:02:32'),(290,146,391,'2021-12-01 02:02:32','2021-12-01 02:02:32'),(291,182,232,'2021-12-01 02:02:32','2021-12-01 02:02:32'),(292,264,290,'2021-12-01 02:02:32','2021-12-01 02:02:32'),(293,234,384,'2021-12-01 02:02:32','2021-12-01 02:02:32'),(294,187,327,'2021-12-01 02:02:32','2021-12-01 02:02:32'),(295,187,84,'2021-12-01 02:02:32','2021-12-01 02:02:32'),(296,327,208,'2021-12-01 02:02:32','2021-12-01 02:02:32'),(297,261,17,'2021-12-01 02:02:32','2021-12-01 02:02:32'),(298,229,375,'2021-12-01 02:02:32','2021-12-01 02:02:32'),(299,324,243,'2021-12-01 02:02:32','2021-12-01 02:02:32'),(300,393,304,'2021-12-01 02:02:32','2021-12-01 02:02:32'),(301,90,111,'2021-12-01 02:02:32','2021-12-01 02:02:32'),(302,366,360,'2021-12-01 02:02:32','2021-12-01 02:02:32'),(303,319,11,'2021-12-01 02:02:32','2021-12-01 02:02:32'),(304,135,215,'2021-12-01 02:02:32','2021-12-01 02:02:32'),(305,375,139,'2021-12-01 02:02:32','2021-12-01 02:02:32'),(306,353,90,'2021-12-01 02:02:32','2021-12-01 02:02:32'),(307,281,186,'2021-12-01 02:02:32','2021-12-01 02:02:32'),(308,287,313,'2021-12-01 02:02:32','2021-12-01 02:02:32'),(309,368,184,'2021-12-01 02:02:32','2021-12-01 02:02:32'),(310,300,232,'2021-12-01 02:02:32','2021-12-01 02:02:32'),(311,328,372,'2021-12-01 02:02:32','2021-12-01 02:02:32'),(312,127,300,'2021-12-01 02:02:32','2021-12-01 02:02:32'),(313,350,109,'2021-12-01 02:02:32','2021-12-01 02:02:32'),(314,217,14,'2021-12-01 02:02:32','2021-12-01 02:02:32'),(315,306,214,'2021-12-01 02:02:32','2021-12-01 02:02:32'),(316,307,128,'2021-12-01 02:02:32','2021-12-01 02:02:32'),(317,330,310,'2021-12-01 02:02:32','2021-12-01 02:02:32'),(318,82,185,'2021-12-01 02:02:32','2021-12-01 02:02:32'),(319,402,200,'2021-12-01 02:02:32','2021-12-01 02:02:32'),(320,342,229,'2021-12-01 02:02:32','2021-12-01 02:02:32'),(321,207,300,'2021-12-01 02:02:32','2021-12-01 02:02:32'),(322,279,237,'2021-12-01 02:02:32','2021-12-01 02:02:32'),(323,299,299,'2021-12-01 02:02:32','2021-12-01 02:02:32'),(324,279,379,'2021-12-01 02:02:32','2021-12-01 02:02:32'),(325,80,309,'2021-12-01 02:02:32','2021-12-01 02:02:32'),(326,115,217,'2021-12-01 02:02:32','2021-12-01 02:02:32'),(327,332,387,'2021-12-01 02:02:32','2021-12-01 02:02:32'),(328,124,339,'2021-12-01 02:02:32','2021-12-01 02:02:32'),(329,152,19,'2021-12-01 02:02:32','2021-12-01 02:02:32'),(330,368,117,'2021-12-01 02:02:32','2021-12-01 02:02:32'),(331,213,19,'2021-12-01 02:02:32','2021-12-01 02:02:32'),(332,74,275,'2021-12-01 02:02:32','2021-12-01 02:02:32'),(333,373,153,'2021-12-01 02:02:32','2021-12-01 02:02:32'),(334,183,236,'2021-12-01 02:02:32','2021-12-01 02:02:32'),(335,148,173,'2021-12-01 02:02:32','2021-12-01 02:02:32'),(336,373,279,'2021-12-01 02:02:32','2021-12-01 02:02:32'),(337,90,294,'2021-12-01 02:02:32','2021-12-01 02:02:32'),(338,109,188,'2021-12-01 02:02:32','2021-12-01 02:02:32'),(339,208,139,'2021-12-01 02:02:32','2021-12-01 02:02:32'),(340,365,394,'2021-12-01 02:02:32','2021-12-01 02:02:32'),(341,112,184,'2021-12-01 02:02:32','2021-12-01 02:02:32'),(342,142,157,'2021-12-01 02:02:32','2021-12-01 02:02:32'),(343,359,335,'2021-12-01 02:02:32','2021-12-01 02:02:32'),(344,328,350,'2021-12-01 02:02:32','2021-12-01 02:02:32'),(345,96,248,'2021-12-01 02:02:32','2021-12-01 02:02:32'),(346,376,355,'2021-12-01 02:02:32','2021-12-01 02:02:32'),(347,226,85,'2021-12-01 02:02:32','2021-12-01 02:02:32'),(348,341,400,'2021-12-01 02:02:32','2021-12-01 02:02:32'),(349,321,334,'2021-12-01 02:02:32','2021-12-01 02:02:32'),(350,347,92,'2021-12-01 02:02:32','2021-12-01 02:02:32'),(351,183,152,'2021-12-01 02:02:32','2021-12-01 02:02:32'),(352,320,167,'2021-12-01 02:02:32','2021-12-01 02:02:32'),(353,211,232,'2021-12-01 02:02:32','2021-12-01 02:02:32'),(354,197,358,'2021-12-01 02:02:32','2021-12-01 02:02:32'),(355,131,115,'2021-12-01 02:02:32','2021-12-01 02:02:32'),(356,241,164,'2021-12-01 02:02:32','2021-12-01 02:02:32'),(357,143,148,'2021-12-01 02:02:32','2021-12-01 02:02:32'),(358,201,382,'2021-12-01 02:02:32','2021-12-01 02:02:32'),(359,139,183,'2021-12-01 02:02:32','2021-12-01 02:02:32'),(360,1,146,'2021-12-01 02:02:32','2021-12-01 02:02:32'),(361,224,388,'2021-12-01 02:02:32','2021-12-01 02:02:32'),(362,210,405,'2021-12-01 02:02:32','2021-12-01 02:02:32'),(363,275,153,'2021-12-01 02:02:32','2021-12-01 02:02:32'),(364,74,232,'2021-12-01 02:02:32','2021-12-01 02:02:32'),(365,124,141,'2021-12-01 02:02:32','2021-12-01 02:02:32'),(366,208,73,'2021-12-01 02:02:32','2021-12-01 02:02:32'),(367,155,122,'2021-12-01 02:02:32','2021-12-01 02:02:32'),(368,186,238,'2021-12-01 02:02:32','2021-12-01 02:02:32'),(369,265,174,'2021-12-01 02:02:32','2021-12-01 02:02:32');
/*!40000 ALTER TABLE `artists_songs` ENABLE KEYS */;
UNLOCK TABLES;

--
-- Table structure for table `songs`
--

DROP TABLE IF EXISTS `songs`;
/*!40101 SET @saved_cs_client     = @@character_set_client */;
/*!50503 SET character_set_client = utf8mb4 */;
CREATE TABLE `songs` (
  `id` int NOT NULL AUTO_INCREMENT,
  `title` varchar(60) NOT NULL,
  `song_order` tinyint DEFAULT NULL,
  `created_at` timestamp NULL DEFAULT CURRENT_TIMESTAMP,
  `updated_at` timestamp NULL DEFAULT CURRENT_TIMESTAMP ON UPDATE CURRENT_TIMESTAMP,
  PRIMARY KEY (`id`)
) ENGINE=InnoDB AUTO_INCREMENT=406 DEFAULT CHARSET=utf8mb4 COLLATE=utf8mb4_0900_ai_ci;
/*!40101 SET character_set_client = @saved_cs_client */;

--
-- Dumping data for table `songs`
--

LOCK TABLES `songs` WRITE;
/*!40000 ALTER TABLE `songs` DISABLE KEYS */;
INSERT INTO `songs` VALUES (1,'The King of Carrot Flowers, Pt. One',1,'2021-12-01 00:38:34','2021-12-01 00:38:34'),(2,'The King of Carrot Flowers, Pts. Two & Three',2,'2021-12-01 00:38:34','2021-12-01 00:38:34'),(3,'In the Aeroplane Over the Sea',3,'2021-12-01 00:38:34','2021-12-01 00:38:34'),(4,'Two-Headed Boy',4,'2021-12-01 00:38:34','2021-12-01 00:38:34'),(5,'The Fool',5,'2021-12-01 00:38:34','2021-12-01 00:38:34'),(6,'Holland, 1945',6,'2021-12-01 00:38:34','2021-12-01 00:38:34'),(7,'Communist Daughter',7,'2021-12-01 00:38:34','2021-12-01 00:38:34'),(8,'Oh Comely',8,'2021-12-01 00:38:34','2021-12-01 00:38:34'),(9,'Ghost',9,'2021-12-01 00:38:34','2021-12-01 00:38:34'),(10,'Untitled',10,'2021-12-01 00:38:34','2021-12-01 00:38:34'),(11,'Two-Headed Boy, Pt. Two',11,'2021-12-01 00:38:34','2021-12-01 00:38:34'),(12,'Dead & Bloated',1,'2021-12-01 00:38:34','2021-12-01 00:38:34'),(13,'Sex Type Thing',2,'2021-12-01 00:38:34','2021-12-01 00:38:34'),(14,'Wicked Garden',3,'2021-12-01 00:38:34','2021-12-01 00:38:34'),(15,'No Memory',4,'2021-12-01 00:38:34','2021-12-01 00:38:34'),(16,'Sin',5,'2021-12-01 00:38:34','2021-12-01 00:38:34'),(17,'Naked Sunday',6,'2021-12-01 00:38:34','2021-12-01 00:38:34'),(18,'Creep',7,'2021-12-01 00:38:34','2021-12-01 00:38:34'),(19,'Piece of Pie',8,'2021-12-01 00:38:34','2021-12-01 00:38:34'),(20,'Plush',9,'2021-12-01 00:38:34','2021-12-01 00:38:34'),(21,'Wet My Bed',10,'2021-12-01 00:38:34','2021-12-01 00:38:34'),(22,'Crackerman',11,'2021-12-01 00:38:34','2021-12-01 00:38:34'),(23,'Where the River Goes',12,'2021-12-01 00:38:34','2021-12-01 00:38:34'),(72,'homologous',NULL,'2021-12-01 02:02:32','2021-12-01 02:02:32'),(73,'zirconiums',NULL,'2021-12-01 02:02:32','2021-12-01 02:02:32'),(74,'wieldable',NULL,'2021-12-01 02:02:32','2021-12-01 02:02:32'),(75,'boustrophedons',NULL,'2021-12-01 02:02:32','2021-12-01 02:02:32'),(76,'viewlessly',NULL,'2021-12-01 02:02:32','2021-12-01 02:02:32'),(77,'apparels',NULL,'2021-12-01 02:02:32','2021-12-01 02:02:32'),(78,'nonstructural',NULL,'2021-12-01 02:02:32','2021-12-01 02:02:32'),(79,'mandamus',NULL,'2021-12-01 02:02:32','2021-12-01 02:02:32'),(80,'photosyntheses',NULL,'2021-12-01 02:02:32','2021-12-01 02:02:32'),(81,'baldachinos',NULL,'2021-12-01 02:02:32','2021-12-01 02:02:32'),(82,'transfiguration',NULL,'2021-12-01 02:02:32','2021-12-01 02:02:32'),(83,'mullah',NULL,'2021-12-01 02:02:32','2021-12-01 02:02:32'),(84,'inhibits',NULL,'2021-12-01 02:02:32','2021-12-01 02:02:32'),(85,'unlovelinesses',NULL,'2021-12-01 02:02:32','2021-12-01 02:02:32'),(86,'coevolution',NULL,'2021-12-01 02:02:32','2021-12-01 02:02:32'),(87,'richens',NULL,'2021-12-01 02:02:32','2021-12-01 02:02:32'),(88,'mineralised',NULL,'2021-12-01 02:02:32','2021-12-01 02:02:32'),(89,'bouncing',NULL,'2021-12-01 02:02:32','2021-12-01 02:02:32'),(90,'cuittled',NULL,'2021-12-01 02:02:32','2021-12-01 02:02:32'),(91,'taches',NULL,'2021-12-01 02:02:32','2021-12-01 02:02:32'),(92,'monetize',NULL,'2021-12-01 02:02:32','2021-12-01 02:02:32'),(93,'alienability',NULL,'2021-12-01 02:02:32','2021-12-01 02:02:32'),(94,'resees',NULL,'2021-12-01 02:02:32','2021-12-01 02:02:32'),(95,'incuriousnesses',NULL,'2021-12-01 02:02:32','2021-12-01 02:02:32'),(96,'photoduplicate',NULL,'2021-12-01 02:02:32','2021-12-01 02:02:32'),(97,'fractionalized',NULL,'2021-12-01 02:02:32','2021-12-01 02:02:32'),(98,'stuffiest',NULL,'2021-12-01 02:02:32','2021-12-01 02:02:32'),(99,'incunabulum',NULL,'2021-12-01 02:02:32','2021-12-01 02:02:32'),(100,'strip',NULL,'2021-12-01 02:02:32','2021-12-01 02:02:32'),(101,'roseslugs',NULL,'2021-12-01 02:02:32','2021-12-01 02:02:32'),(102,'disinterring',NULL,'2021-12-01 02:02:32','2021-12-01 02:02:32'),(103,'burgoos',NULL,'2021-12-01 02:02:32','2021-12-01 02:02:32'),(104,'distinction',NULL,'2021-12-01 02:02:32','2021-12-01 02:02:32'),(105,'shareholder',NULL,'2021-12-01 02:02:32','2021-12-01 02:02:32'),(106,'effort',NULL,'2021-12-01 02:02:32','2021-12-01 02:02:32'),(107,'nonimage',NULL,'2021-12-01 02:02:32','2021-12-01 02:02:32'),(108,'outpities',NULL,'2021-12-01 02:02:32','2021-12-01 02:02:32'),(109,'whammo',NULL,'2021-12-01 02:02:32','2021-12-01 02:02:32'),(110,'commanders',NULL,'2021-12-01 02:02:32','2021-12-01 02:02:32'),(111,'anting',NULL,'2021-12-01 02:02:32','2021-12-01 02:02:32'),(112,'noontides',NULL,'2021-12-01 02:02:32','2021-12-01 02:02:32'),(113,'cymes',NULL,'2021-12-01 02:02:32','2021-12-01 02:02:32'),(114,'bouleversement',NULL,'2021-12-01 02:02:32','2021-12-01 02:02:32'),(115,'tangled',NULL,'2021-12-01 02:02:32','2021-12-01 02:02:32'),(116,'becoming',NULL,'2021-12-01 02:02:32','2021-12-01 02:02:32'),(117,'defenses',NULL,'2021-12-01 02:02:32','2021-12-01 02:02:32'),(118,'supplejacks',NULL,'2021-12-01 02:02:32','2021-12-01 02:02:32'),(119,'congeneric',NULL,'2021-12-01 02:02:32','2021-12-01 02:02:32'),(120,'taskbars',NULL,'2021-12-01 02:02:32','2021-12-01 02:02:32'),(121,'cordwood',NULL,'2021-12-01 02:02:32','2021-12-01 02:02:32'),(122,'septennial',NULL,'2021-12-01 02:02:32','2021-12-01 02:02:32'),(123,'lobotomies',NULL,'2021-12-01 02:02:32','2021-12-01 02:02:32'),(124,'nondecisions',NULL,'2021-12-01 02:02:32','2021-12-01 02:02:32'),(125,'philanthropoid',NULL,'2021-12-01 02:02:32','2021-12-01 02:02:32'),(126,'haji',NULL,'2021-12-01 02:02:32','2021-12-01 02:02:32'),(127,'embrown',NULL,'2021-12-01 02:02:32','2021-12-01 02:02:32'),(128,'apprehending',NULL,'2021-12-01 02:02:32','2021-12-01 02:02:32'),(129,'dustup',NULL,'2021-12-01 02:02:32','2021-12-01 02:02:32'),(130,'quested',NULL,'2021-12-01 02:02:32','2021-12-01 02:02:32'),(131,'prussianizes',NULL,'2021-12-01 02:02:32','2021-12-01 02:02:32'),(132,'garget',NULL,'2021-12-01 02:02:32','2021-12-01 02:02:32'),(133,'communes',NULL,'2021-12-01 02:02:32','2021-12-01 02:02:32'),(134,'preambled',NULL,'2021-12-01 02:02:32','2021-12-01 02:02:32'),(135,'henequen',NULL,'2021-12-01 02:02:32','2021-12-01 02:02:32'),(136,'instincts',NULL,'2021-12-01 02:02:32','2021-12-01 02:02:32'),(137,'summonses',NULL,'2021-12-01 02:02:32','2021-12-01 02:02:32'),(138,'malices',NULL,'2021-12-01 02:02:32','2021-12-01 02:02:32'),(139,'distemperatures',NULL,'2021-12-01 02:02:32','2021-12-01 02:02:32'),(140,'signage',NULL,'2021-12-01 02:02:32','2021-12-01 02:02:32'),(141,'ceramide',NULL,'2021-12-01 02:02:32','2021-12-01 02:02:32'),(142,'reproachable',NULL,'2021-12-01 02:02:32','2021-12-01 02:02:32'),(143,'sententiae',NULL,'2021-12-01 02:02:32','2021-12-01 02:02:32'),(144,'tabulis',NULL,'2021-12-01 02:02:32','2021-12-01 02:02:32'),(145,'cheerinesses',NULL,'2021-12-01 02:02:32','2021-12-01 02:02:32'),(146,'underactivity',NULL,'2021-12-01 02:02:32','2021-12-01 02:02:32'),(147,'mishits',NULL,'2021-12-01 02:02:32','2021-12-01 02:02:32'),(148,'backrooms',NULL,'2021-12-01 02:02:32','2021-12-01 02:02:32'),(149,'chromaticisms',NULL,'2021-12-01 02:02:32','2021-12-01 02:02:32'),(150,'degenerations',NULL,'2021-12-01 02:02:32','2021-12-01 02:02:32'),(151,'ranids',NULL,'2021-12-01 02:02:32','2021-12-01 02:02:32'),(152,'rampike',NULL,'2021-12-01 02:02:32','2021-12-01 02:02:32'),(153,'postgrad',NULL,'2021-12-01 02:02:32','2021-12-01 02:02:32'),(154,'pinnas',NULL,'2021-12-01 02:02:32','2021-12-01 02:02:32'),(155,'comprehension',NULL,'2021-12-01 02:02:32','2021-12-01 02:02:32'),(156,'brazens',NULL,'2021-12-01 02:02:32','2021-12-01 02:02:32'),(157,'damars',NULL,'2021-12-01 02:02:32','2021-12-01 02:02:32'),(158,'sulfinyl',NULL,'2021-12-01 02:02:32','2021-12-01 02:02:32'),(159,'fashioned',NULL,'2021-12-01 02:02:32','2021-12-01 02:02:32'),(160,'rube',NULL,'2021-12-01 02:02:32','2021-12-01 02:02:32'),(161,'waggliest',NULL,'2021-12-01 02:02:32','2021-12-01 02:02:32'),(162,'perfecta',NULL,'2021-12-01 02:02:32','2021-12-01 02:02:32'),(163,'ribless',NULL,'2021-12-01 02:02:32','2021-12-01 02:02:32'),(164,'valeted',NULL,'2021-12-01 02:02:32','2021-12-01 02:02:32'),(165,'tossing',NULL,'2021-12-01 02:02:32','2021-12-01 02:02:32'),(166,'sheepberry',NULL,'2021-12-01 02:02:32','2021-12-01 02:02:32'),(167,'hyperthermias',NULL,'2021-12-01 02:02:32','2021-12-01 02:02:32'),(168,'overclassified',NULL,'2021-12-01 02:02:32','2021-12-01 02:02:32'),(169,'misperceive',NULL,'2021-12-01 02:02:32','2021-12-01 02:02:32'),(170,'barleycorns',NULL,'2021-12-01 02:02:32','2021-12-01 02:02:32'),(171,'updated',NULL,'2021-12-01 02:02:32','2021-12-01 02:02:32'),(172,'accessioning',NULL,'2021-12-01 02:02:32','2021-12-01 02:02:32'),(173,'cosh',NULL,'2021-12-01 02:02:32','2021-12-01 02:02:32'),(174,'panhandling',NULL,'2021-12-01 02:02:32','2021-12-01 02:02:32'),(175,'sweeteners',NULL,'2021-12-01 02:02:32','2021-12-01 02:02:32'),(176,'licencee',NULL,'2021-12-01 02:02:32','2021-12-01 02:02:32'),(177,'pancreatins',NULL,'2021-12-01 02:02:32','2021-12-01 02:02:32'),(178,'spruces',NULL,'2021-12-01 02:02:32','2021-12-01 02:02:32'),(179,'kists',NULL,'2021-12-01 02:02:32','2021-12-01 02:02:32'),(180,'dirty',NULL,'2021-12-01 02:02:32','2021-12-01 02:02:32'),(181,'collaborated',NULL,'2021-12-01 02:02:32','2021-12-01 02:02:32'),(182,'slows',NULL,'2021-12-01 02:02:32','2021-12-01 02:02:32'),(183,'renvois',NULL,'2021-12-01 02:02:32','2021-12-01 02:02:32'),(184,'assuaging',NULL,'2021-12-01 02:02:32','2021-12-01 02:02:32'),(185,'postulational',NULL,'2021-12-01 02:02:32','2021-12-01 02:02:32'),(186,'triplicate',NULL,'2021-12-01 02:02:32','2021-12-01 02:02:32'),(187,'sulfured',NULL,'2021-12-01 02:02:32','2021-12-01 02:02:32'),(188,'insure',NULL,'2021-12-01 02:02:32','2021-12-01 02:02:32'),(189,'shank',NULL,'2021-12-01 02:02:32','2021-12-01 02:02:32'),(190,'unanesthetized',NULL,'2021-12-01 02:02:32','2021-12-01 02:02:32'),(191,'foundation',NULL,'2021-12-01 02:02:32','2021-12-01 02:02:32'),(192,'streamings',NULL,'2021-12-01 02:02:32','2021-12-01 02:02:32'),(193,'rankless',NULL,'2021-12-01 02:02:32','2021-12-01 02:02:32'),(194,'gastronomically',NULL,'2021-12-01 02:02:32','2021-12-01 02:02:32'),(195,'caliches',NULL,'2021-12-01 02:02:32','2021-12-01 02:02:32'),(196,'chronon',NULL,'2021-12-01 02:02:32','2021-12-01 02:02:32'),(197,'humoured',NULL,'2021-12-01 02:02:32','2021-12-01 02:02:32'),(198,'taroks',NULL,'2021-12-01 02:02:32','2021-12-01 02:02:32'),(199,'trepanned',NULL,'2021-12-01 02:02:32','2021-12-01 02:02:32'),(200,'stringed',NULL,'2021-12-01 02:02:32','2021-12-01 02:02:32'),(201,'periscopes',NULL,'2021-12-01 02:02:32','2021-12-01 02:02:32'),(202,'tambala',NULL,'2021-12-01 02:02:32','2021-12-01 02:02:32'),(203,'chousers',NULL,'2021-12-01 02:02:32','2021-12-01 02:02:32'),(204,'bluish',NULL,'2021-12-01 02:02:32','2021-12-01 02:02:32'),(205,'occult',NULL,'2021-12-01 02:02:32','2021-12-01 02:02:32'),(206,'fanfare',NULL,'2021-12-01 02:02:32','2021-12-01 02:02:32'),(207,'excused',NULL,'2021-12-01 02:02:32','2021-12-01 02:02:32'),(208,'rotted',NULL,'2021-12-01 02:02:32','2021-12-01 02:02:32'),(209,'magnifications',NULL,'2021-12-01 02:02:32','2021-12-01 02:02:32'),(210,'covellines',NULL,'2021-12-01 02:02:32','2021-12-01 02:02:32'),(211,'semihoboes',NULL,'2021-12-01 02:02:32','2021-12-01 02:02:32'),(212,'fatteners',NULL,'2021-12-01 02:02:32','2021-12-01 02:02:32'),(213,'bolted',NULL,'2021-12-01 02:02:32','2021-12-01 02:02:32'),(214,'oophytic',NULL,'2021-12-01 02:02:32','2021-12-01 02:02:32'),(215,'outsavors',NULL,'2021-12-01 02:02:32','2021-12-01 02:02:32'),(216,'tactually',NULL,'2021-12-01 02:02:32','2021-12-01 02:02:32'),(217,'uninteresting',NULL,'2021-12-01 02:02:32','2021-12-01 02:02:32'),(218,'authored',NULL,'2021-12-01 02:02:32','2021-12-01 02:02:32'),(219,'ambrosial',NULL,'2021-12-01 02:02:32','2021-12-01 02:02:32'),(220,'extensibilities',NULL,'2021-12-01 02:02:32','2021-12-01 02:02:32'),(221,'orts',NULL,'2021-12-01 02:02:32','2021-12-01 02:02:32'),(222,'tearstained',NULL,'2021-12-01 02:02:32','2021-12-01 02:02:32'),(223,'prerace',NULL,'2021-12-01 02:02:32','2021-12-01 02:02:32'),(224,'recomb',NULL,'2021-12-01 02:02:32','2021-12-01 02:02:32'),(225,'merchandizing',NULL,'2021-12-01 02:02:32','2021-12-01 02:02:32'),(226,'underutilize',NULL,'2021-12-01 02:02:32','2021-12-01 02:02:32'),(227,'hybridoma',NULL,'2021-12-01 02:02:32','2021-12-01 02:02:32'),(228,'coxal',NULL,'2021-12-01 02:02:32','2021-12-01 02:02:32'),(229,'grokking',NULL,'2021-12-01 02:02:32','2021-12-01 02:02:32'),(230,'substitutive',NULL,'2021-12-01 02:02:32','2021-12-01 02:02:32'),(231,'uncontrollably',NULL,'2021-12-01 02:02:32','2021-12-01 02:02:32'),(232,'plottier',NULL,'2021-12-01 02:02:32','2021-12-01 02:02:32'),(233,'dogfishes',NULL,'2021-12-01 02:02:32','2021-12-01 02:02:32'),(234,'suburbanised',NULL,'2021-12-01 02:02:32','2021-12-01 02:02:32'),(235,'advancements',NULL,'2021-12-01 02:02:32','2021-12-01 02:02:32'),(236,'delight',NULL,'2021-12-01 02:02:32','2021-12-01 02:02:32'),(237,'unstandardized',NULL,'2021-12-01 02:02:32','2021-12-01 02:02:32'),(238,'unplayed',NULL,'2021-12-01 02:02:32','2021-12-01 02:02:32'),(239,'bemingled',NULL,'2021-12-01 02:02:32','2021-12-01 02:02:32'),(240,'iodisms',NULL,'2021-12-01 02:02:32','2021-12-01 02:02:32'),(241,'extemporaneity',NULL,'2021-12-01 02:02:32','2021-12-01 02:02:32'),(242,'plaguing',NULL,'2021-12-01 02:02:32','2021-12-01 02:02:32'),(243,'ostmark',NULL,'2021-12-01 02:02:32','2021-12-01 02:02:32'),(244,'buxomness',NULL,'2021-12-01 02:02:32','2021-12-01 02:02:32'),(245,'wainscottings',NULL,'2021-12-01 02:02:32','2021-12-01 02:02:32'),(246,'woodchuck',NULL,'2021-12-01 02:02:32','2021-12-01 02:02:32'),(247,'cretics',NULL,'2021-12-01 02:02:32','2021-12-01 02:02:32'),(248,'blather',NULL,'2021-12-01 02:02:32','2021-12-01 02:02:32'),(249,'subordinative',NULL,'2021-12-01 02:02:32','2021-12-01 02:02:32'),(250,'muftis',NULL,'2021-12-01 02:02:32','2021-12-01 02:02:32'),(251,'interviewer',NULL,'2021-12-01 02:02:32','2021-12-01 02:02:32'),(252,'knappers',NULL,'2021-12-01 02:02:32','2021-12-01 02:02:32'),(253,'repolling',NULL,'2021-12-01 02:02:32','2021-12-01 02:02:32'),(254,'surrebutter',NULL,'2021-12-01 02:02:32','2021-12-01 02:02:32'),(255,'tulipwood',NULL,'2021-12-01 02:02:32','2021-12-01 02:02:32'),(256,'shucks',NULL,'2021-12-01 02:02:32','2021-12-01 02:02:32'),(257,'postbellum',NULL,'2021-12-01 02:02:32','2021-12-01 02:02:32'),(258,'kludged',NULL,'2021-12-01 02:02:32','2021-12-01 02:02:32'),(259,'riping',NULL,'2021-12-01 02:02:32','2021-12-01 02:02:32'),(260,'perceptiveness',NULL,'2021-12-01 02:02:32','2021-12-01 02:02:32'),(261,'unlabored',NULL,'2021-12-01 02:02:32','2021-12-01 02:02:32'),(262,'surfeiting',NULL,'2021-12-01 02:02:32','2021-12-01 02:02:32'),(263,'lunar',NULL,'2021-12-01 02:02:32','2021-12-01 02:02:32'),(264,'cabanas',NULL,'2021-12-01 02:02:32','2021-12-01 02:02:32'),(265,'dynels',NULL,'2021-12-01 02:02:32','2021-12-01 02:02:32'),(266,'carte',NULL,'2021-12-01 02:02:32','2021-12-01 02:02:32'),(267,'darnels',NULL,'2021-12-01 02:02:32','2021-12-01 02:02:32'),(268,'creamier',NULL,'2021-12-01 02:02:32','2021-12-01 02:02:32'),(269,'misunderstands',NULL,'2021-12-01 02:02:32','2021-12-01 02:02:32'),(270,'electricities',NULL,'2021-12-01 02:02:32','2021-12-01 02:02:32'),(271,'chaetopod',NULL,'2021-12-01 02:02:32','2021-12-01 02:02:32'),(272,'lowlanders',NULL,'2021-12-01 02:02:32','2021-12-01 02:02:32'),(273,'groin',NULL,'2021-12-01 02:02:32','2021-12-01 02:02:32'),(274,'directrixes',NULL,'2021-12-01 02:02:32','2021-12-01 02:02:32'),(275,'unexcitable',NULL,'2021-12-01 02:02:32','2021-12-01 02:02:32'),(276,'interstage',NULL,'2021-12-01 02:02:32','2021-12-01 02:02:32'),(277,'padrones',NULL,'2021-12-01 02:02:32','2021-12-01 02:02:32'),(278,'cerebellar',NULL,'2021-12-01 02:02:32','2021-12-01 02:02:32'),(279,'obturators',NULL,'2021-12-01 02:02:32','2021-12-01 02:02:32'),(280,'dusking',NULL,'2021-12-01 02:02:32','2021-12-01 02:02:32'),(281,'stairheads',NULL,'2021-12-01 02:02:32','2021-12-01 02:02:32'),(282,'lickerish',NULL,'2021-12-01 02:02:32','2021-12-01 02:02:32'),(283,'potholders',NULL,'2021-12-01 02:02:32','2021-12-01 02:02:32'),(284,'chibouques',NULL,'2021-12-01 02:02:32','2021-12-01 02:02:32'),(285,'litas',NULL,'2021-12-01 02:02:32','2021-12-01 02:02:32'),(286,'bragged',NULL,'2021-12-01 02:02:32','2021-12-01 02:02:32'),(287,'rippers',NULL,'2021-12-01 02:02:32','2021-12-01 02:02:32'),(288,'kything',NULL,'2021-12-01 02:02:32','2021-12-01 02:02:32'),(289,'mayoress',NULL,'2021-12-01 02:02:32','2021-12-01 02:02:32'),(290,'digitonin',NULL,'2021-12-01 02:02:32','2021-12-01 02:02:32'),(291,'prevalue',NULL,'2021-12-01 02:02:32','2021-12-01 02:02:32'),(292,'hypercatabolism',NULL,'2021-12-01 02:02:32','2021-12-01 02:02:32'),(293,'blobbed',NULL,'2021-12-01 02:02:32','2021-12-01 02:02:32'),(294,'trestlework',NULL,'2021-12-01 02:02:32','2021-12-01 02:02:32'),(295,'omphali',NULL,'2021-12-01 02:02:32','2021-12-01 02:02:32'),(296,'spectate',NULL,'2021-12-01 02:02:32','2021-12-01 02:02:32'),(297,'breasting',NULL,'2021-12-01 02:02:32','2021-12-01 02:02:32'),(298,'discarnate',NULL,'2021-12-01 02:02:32','2021-12-01 02:02:32'),(299,'slugged',NULL,'2021-12-01 02:02:32','2021-12-01 02:02:32'),(300,'silexes',NULL,'2021-12-01 02:02:32','2021-12-01 02:02:32'),(301,'opportunisms',NULL,'2021-12-01 02:02:32','2021-12-01 02:02:32'),(302,'scannable',NULL,'2021-12-01 02:02:32','2021-12-01 02:02:32'),(303,'myalgic',NULL,'2021-12-01 02:02:32','2021-12-01 02:02:32'),(304,'brotherlinesses',NULL,'2021-12-01 02:02:32','2021-12-01 02:02:32'),(305,'parallelism',NULL,'2021-12-01 02:02:32','2021-12-01 02:02:32'),(306,'poults',NULL,'2021-12-01 02:02:32','2021-12-01 02:02:32'),(307,'cinders',NULL,'2021-12-01 02:02:32','2021-12-01 02:02:32'),(308,'prequalifies',NULL,'2021-12-01 02:02:32','2021-12-01 02:02:32'),(309,'tughrik',NULL,'2021-12-01 02:02:32','2021-12-01 02:02:32'),(310,'verifies',NULL,'2021-12-01 02:02:32','2021-12-01 02:02:32'),(311,'amebae',NULL,'2021-12-01 02:02:32','2021-12-01 02:02:32'),(312,'diminuendos',NULL,'2021-12-01 02:02:32','2021-12-01 02:02:32'),(313,'kilowatts',NULL,'2021-12-01 02:02:32','2021-12-01 02:02:32'),(314,'serials',NULL,'2021-12-01 02:02:32','2021-12-01 02:02:32'),(315,'blemisher',NULL,'2021-12-01 02:02:32','2021-12-01 02:02:32'),(316,'dahabiya',NULL,'2021-12-01 02:02:32','2021-12-01 02:02:32'),(317,'superorder',NULL,'2021-12-01 02:02:32','2021-12-01 02:02:32'),(318,'reelevating',NULL,'2021-12-01 02:02:32','2021-12-01 02:02:32'),(319,'dioxane',NULL,'2021-12-01 02:02:32','2021-12-01 02:02:32'),(320,'currentness',NULL,'2021-12-01 02:02:32','2021-12-01 02:02:32'),(321,'transudation',NULL,'2021-12-01 02:02:32','2021-12-01 02:02:32'),(322,'pretrained',NULL,'2021-12-01 02:02:32','2021-12-01 02:02:32'),(323,'profess',NULL,'2021-12-01 02:02:32','2021-12-01 02:02:32'),(324,'vegetally',NULL,'2021-12-01 02:02:32','2021-12-01 02:02:32'),(325,'dopehead',NULL,'2021-12-01 02:02:32','2021-12-01 02:02:32'),(326,'hermaphrodites',NULL,'2021-12-01 02:02:32','2021-12-01 02:02:32'),(327,'spells',NULL,'2021-12-01 02:02:32','2021-12-01 02:02:32'),(328,'purtiest',NULL,'2021-12-01 02:02:32','2021-12-01 02:02:32'),(329,'mysteriousness',NULL,'2021-12-01 02:02:32','2021-12-01 02:02:32'),(330,'smirky',NULL,'2021-12-01 02:02:32','2021-12-01 02:02:32'),(331,'retirement',NULL,'2021-12-01 02:02:32','2021-12-01 02:02:32'),(332,'bicyclist',NULL,'2021-12-01 02:02:32','2021-12-01 02:02:32'),(333,'iotacisms',NULL,'2021-12-01 02:02:32','2021-12-01 02:02:32'),(334,'troweler',NULL,'2021-12-01 02:02:32','2021-12-01 02:02:32'),(335,'atomics',NULL,'2021-12-01 02:02:32','2021-12-01 02:02:32'),(336,'headnote',NULL,'2021-12-01 02:02:32','2021-12-01 02:02:32'),(337,'monomaniacal',NULL,'2021-12-01 02:02:32','2021-12-01 02:02:32'),(338,'retexturing',NULL,'2021-12-01 02:02:32','2021-12-01 02:02:32'),(339,'nonessentials',NULL,'2021-12-01 02:02:32','2021-12-01 02:02:32'),(340,'fontanelle',NULL,'2021-12-01 02:02:32','2021-12-01 02:02:32'),(341,'figwort',NULL,'2021-12-01 02:02:32','2021-12-01 02:02:32'),(342,'benzine',NULL,'2021-12-01 02:02:32','2021-12-01 02:02:32'),(343,'subassembly',NULL,'2021-12-01 02:02:32','2021-12-01 02:02:32'),(344,'quadruplicate',NULL,'2021-12-01 02:02:32','2021-12-01 02:02:32'),(345,'freely',NULL,'2021-12-01 02:02:32','2021-12-01 02:02:32'),(346,'aurated',NULL,'2021-12-01 02:02:32','2021-12-01 02:02:32'),(347,'confocally',NULL,'2021-12-01 02:02:32','2021-12-01 02:02:32'),(348,'commitments',NULL,'2021-12-01 02:02:32','2021-12-01 02:02:32'),(349,'unprized',NULL,'2021-12-01 02:02:32','2021-12-01 02:02:32'),(350,'guanidines',NULL,'2021-12-01 02:02:32','2021-12-01 02:02:32'),(351,'regularizing',NULL,'2021-12-01 02:02:32','2021-12-01 02:02:32'),(352,'colognes',NULL,'2021-12-01 02:02:32','2021-12-01 02:02:32'),(353,'surcoats',NULL,'2021-12-01 02:02:32','2021-12-01 02:02:32'),(354,'usquebaugh',NULL,'2021-12-01 02:02:32','2021-12-01 02:02:32'),(355,'khakis',NULL,'2021-12-01 02:02:32','2021-12-01 02:02:32'),(356,'midinette',NULL,'2021-12-01 02:02:32','2021-12-01 02:02:32'),(357,'speakership',NULL,'2021-12-01 02:02:32','2021-12-01 02:02:32'),(358,'ridged',NULL,'2021-12-01 02:02:32','2021-12-01 02:02:32'),(359,'schussing',NULL,'2021-12-01 02:02:32','2021-12-01 02:02:32'),(360,'fearsomely',NULL,'2021-12-01 02:02:32','2021-12-01 02:02:32'),(361,'squishinesses',NULL,'2021-12-01 02:02:32','2021-12-01 02:02:32'),(362,'kations',NULL,'2021-12-01 02:02:32','2021-12-01 02:02:32'),(363,'executed',NULL,'2021-12-01 02:02:32','2021-12-01 02:02:32'),(364,'reputable',NULL,'2021-12-01 02:02:32','2021-12-01 02:02:32'),(365,'polytheisms',NULL,'2021-12-01 02:02:32','2021-12-01 02:02:32'),(366,'beyonds',NULL,'2021-12-01 02:02:32','2021-12-01 02:02:32'),(367,'unstressed',NULL,'2021-12-01 02:02:32','2021-12-01 02:02:32'),(368,'populistic',NULL,'2021-12-01 02:02:32','2021-12-01 02:02:32'),(369,'lyrist',NULL,'2021-12-01 02:02:32','2021-12-01 02:02:32'),(370,'salmonids',NULL,'2021-12-01 02:02:32','2021-12-01 02:02:32'),(371,'wadies',NULL,'2021-12-01 02:02:32','2021-12-01 02:02:32'),(372,'bitterest',NULL,'2021-12-01 02:02:32','2021-12-01 02:02:32'),(373,'previses',NULL,'2021-12-01 02:02:32','2021-12-01 02:02:32'),(374,'extinctive',NULL,'2021-12-01 02:02:32','2021-12-01 02:02:32'),(375,'abusive',NULL,'2021-12-01 02:02:32','2021-12-01 02:02:32'),(376,'oubliette',NULL,'2021-12-01 02:02:32','2021-12-01 02:02:32'),(377,'cris',NULL,'2021-12-01 02:02:32','2021-12-01 02:02:32'),(378,'stringcourse',NULL,'2021-12-01 02:02:32','2021-12-01 02:02:32'),(379,'nibbler',NULL,'2021-12-01 02:02:32','2021-12-01 02:02:32'),(380,'mezquit',NULL,'2021-12-01 02:02:32','2021-12-01 02:02:32'),(381,'stinkpots',NULL,'2021-12-01 02:02:32','2021-12-01 02:02:32'),(382,'triplications',NULL,'2021-12-01 02:02:32','2021-12-01 02:02:32'),(383,'kickier',NULL,'2021-12-01 02:02:32','2021-12-01 02:02:32'),(384,'misguidednesses',NULL,'2021-12-01 02:02:32','2021-12-01 02:02:32'),(385,'cellphone',NULL,'2021-12-01 02:02:32','2021-12-01 02:02:32'),(386,'heathenishly',NULL,'2021-12-01 02:02:32','2021-12-01 02:02:32'),(387,'tinware',NULL,'2021-12-01 02:02:32','2021-12-01 02:02:32'),(388,'punkinesses',NULL,'2021-12-01 02:02:32','2021-12-01 02:02:32'),(389,'nudnick',NULL,'2021-12-01 02:02:32','2021-12-01 02:02:32'),(390,'prisons',NULL,'2021-12-01 02:02:32','2021-12-01 02:02:32'),(391,'nonskid',NULL,'2021-12-01 02:02:32','2021-12-01 02:02:32'),(392,'cobb',NULL,'2021-12-01 02:02:32','2021-12-01 02:02:32'),(393,'agreeableness',NULL,'2021-12-01 02:02:32','2021-12-01 02:02:32'),(394,'regardfully',NULL,'2021-12-01 02:02:32','2021-12-01 02:02:32'),(395,'calluses',NULL,'2021-12-01 02:02:32','2021-12-01 02:02:32'),(396,'pareiras',NULL,'2021-12-01 02:02:32','2021-12-01 02:02:32'),(397,'debruises',NULL,'2021-12-01 02:02:32','2021-12-01 02:02:32'),(398,'rasures',NULL,'2021-12-01 02:02:32','2021-12-01 02:02:32'),(399,'minstrelsy',NULL,'2021-12-01 02:02:32','2021-12-01 02:02:32'),(400,'pen',NULL,'2021-12-01 02:02:32','2021-12-01 02:02:32'),(401,'hapkido',NULL,'2021-12-01 02:02:32','2021-12-01 02:02:32'),(402,'fordless',NULL,'2021-12-01 02:02:32','2021-12-01 02:02:32'),(403,'allot',NULL,'2021-12-01 02:02:32','2021-12-01 02:02:32'),(404,'markers',NULL,'2021-12-01 02:02:32','2021-12-01 02:02:32'),(405,'steadfastly',NULL,'2021-12-01 02:02:32','2021-12-01 02:02:32');
/*!40000 ALTER TABLE `songs` ENABLE KEYS */;
UNLOCK TABLES;

--
-- Table structure for table `starred_albums`
--

DROP TABLE IF EXISTS `starred_albums`;
/*!40101 SET @saved_cs_client     = @@character_set_client */;
/*!50503 SET character_set_client = utf8mb4 */;
CREATE TABLE `starred_albums` (
  `id` int NOT NULL AUTO_INCREMENT,
  `stars` tinyint(1) NOT NULL,
  `albums` int DEFAULT NULL,
  `users` int DEFAULT NULL,
  `created_at` timestamp NULL DEFAULT CURRENT_TIMESTAMP,
  `updated_at` timestamp NULL DEFAULT CURRENT_TIMESTAMP ON UPDATE CURRENT_TIMESTAMP,
  PRIMARY KEY (`id`),
  KEY `albums` (`albums`),
  KEY `users` (`users`),
  CONSTRAINT `starred_albums_ibfk_1` FOREIGN KEY (`albums`) REFERENCES `albums` (`id`),
  CONSTRAINT `starred_albums_ibfk_2` FOREIGN KEY (`users`) REFERENCES `users` (`id`)
) ENGINE=InnoDB AUTO_INCREMENT=70 DEFAULT CHARSET=utf8mb4 COLLATE=utf8mb4_0900_ai_ci;
/*!40101 SET character_set_client = @saved_cs_client */;

--
-- Dumping data for table `starred_albums`
--

LOCK TABLES `starred_albums` WRITE;
/*!40000 ALTER TABLE `starred_albums` DISABLE KEYS */;
INSERT INTO `starred_albums` VALUES (1,5,1,1,'2021-12-01 00:38:34','2021-12-01 00:38:34'),(2,4,2,1,'2021-12-01 00:38:34','2021-12-01 00:38:34');
/*!40000 ALTER TABLE `starred_albums` ENABLE KEYS */;
UNLOCK TABLES;

--
-- Table structure for table `starred_artists`
--

DROP TABLE IF EXISTS `starred_artists`;
/*!40101 SET @saved_cs_client     = @@character_set_client */;
/*!50503 SET character_set_client = utf8mb4 */;
CREATE TABLE `starred_artists` (
  `id` int NOT NULL AUTO_INCREMENT,
  `stars` tinyint(1) NOT NULL,
  `artists` int DEFAULT NULL,
  `users` int DEFAULT NULL,
  `created_at` timestamp NULL DEFAULT CURRENT_TIMESTAMP,
  `updated_at` timestamp NULL DEFAULT CURRENT_TIMESTAMP ON UPDATE CURRENT_TIMESTAMP,
  PRIMARY KEY (`id`),
  KEY `artists` (`artists`),
  KEY `users` (`users`),
  CONSTRAINT `starred_artists_ibfk_1` FOREIGN KEY (`artists`) REFERENCES `artists` (`id`),
  CONSTRAINT `starred_artists_ibfk_2` FOREIGN KEY (`users`) REFERENCES `users` (`id`)
) ENGINE=InnoDB AUTO_INCREMENT=70 DEFAULT CHARSET=utf8mb4 COLLATE=utf8mb4_0900_ai_ci;
/*!40101 SET character_set_client = @saved_cs_client */;

--
-- Dumping data for table `starred_artists`
--

LOCK TABLES `starred_artists` WRITE;
/*!40000 ALTER TABLE `starred_artists` DISABLE KEYS */;
INSERT INTO `starred_artists` VALUES (1,5,1,1,'2021-12-01 00:38:34','2021-12-01 00:38:34'),(2,5,2,1,'2021-12-01 00:38:34','2021-12-01 00:38:34');
/*!40000 ALTER TABLE `starred_artists` ENABLE KEYS */;
UNLOCK TABLES;

--
-- Table structure for table `starred_songs`
--

DROP TABLE IF EXISTS `starred_songs`;
/*!40101 SET @saved_cs_client     = @@character_set_client */;
/*!50503 SET character_set_client = utf8mb4 */;
CREATE TABLE `starred_songs` (
  `id` int NOT NULL AUTO_INCREMENT,
  `stars` tinyint(1) NOT NULL,
  `songs` int DEFAULT NULL,
  `users` int DEFAULT NULL,
  `created_at` timestamp NULL DEFAULT CURRENT_TIMESTAMP,
  `updated_at` timestamp NULL DEFAULT CURRENT_TIMESTAMP ON UPDATE CURRENT_TIMESTAMP,
  PRIMARY KEY (`id`),
  KEY `songs` (`songs`),
  KEY `users` (`users`),
  CONSTRAINT `starred_songs_ibfk_1` FOREIGN KEY (`songs`) REFERENCES `songs` (`id`),
  CONSTRAINT `starred_songs_ibfk_2` FOREIGN KEY (`users`) REFERENCES `users` (`id`)
) ENGINE=InnoDB AUTO_INCREMENT=76 DEFAULT CHARSET=utf8mb4 COLLATE=utf8mb4_0900_ai_ci;
/*!40101 SET character_set_client = @saved_cs_client */;

--
-- Dumping data for table `starred_songs`
--

LOCK TABLES `starred_songs` WRITE;
/*!40000 ALTER TABLE `starred_songs` DISABLE KEYS */;
INSERT INTO `starred_songs` VALUES (1,4,1,1,'2021-12-01 00:38:34','2021-12-01 00:38:34'),(2,5,2,1,'2021-12-01 00:38:34','2021-12-01 00:38:34'),(3,3,5,1,'2021-12-01 00:38:34','2021-12-01 00:38:34'),(4,1,15,2,'2021-12-01 00:38:34','2021-12-01 00:38:34'),(5,2,12,3,'2021-12-01 00:38:34','2021-12-01 00:38:34'),(6,4,14,3,'2021-12-01 00:38:34','2021-12-01 00:38:34'),(70,1,4,1,'2021-12-01 01:34:20','2021-12-01 01:34:26'),(71,4,1,70,'2021-12-01 01:41:12','2021-12-01 01:41:14'),(72,3,2,70,'2021-12-01 01:41:16','2021-12-01 01:41:16'),(73,3,3,70,'2021-12-01 01:41:38','2021-12-01 01:41:39');
/*!40000 ALTER TABLE `starred_songs` ENABLE KEYS */;
UNLOCK TABLES;

--
-- Table structure for table `users`
--

DROP TABLE IF EXISTS `users`;
/*!40101 SET @saved_cs_client     = @@character_set_client */;
/*!50503 SET character_set_client = utf8mb4 */;
CREATE TABLE `users` (
  `id` int NOT NULL AUTO_INCREMENT,
  `username` varchar(40) NOT NULL,
  `mail` varchar(70) NOT NULL,
  `passwd` char(255) NOT NULL,
  `user_type` char(3) NOT NULL,
  `created_at` timestamp NULL DEFAULT CURRENT_TIMESTAMP,
  `updated_at` timestamp NULL DEFAULT CURRENT_TIMESTAMP ON UPDATE CURRENT_TIMESTAMP,
  PRIMARY KEY (`id`),
  KEY `username` (`username`,`created_at`,`updated_at`)
) ENGINE=InnoDB AUTO_INCREMENT=72 DEFAULT CHARSET=utf8mb4 COLLATE=utf8mb4_0900_ai_ci;
/*!40101 SET character_set_client = @saved_cs_client */;

--
-- Dumping data for table `users`
--

LOCK TABLES `users` WRITE;
/*!40000 ALTER TABLE `users` DISABLE KEYS */;
INSERT INTO `users` VALUES (1,'app','regular_user@rating-songs.com','$2y$10$cUu05b2DVdRj/oWp/fMNgOIzMLg.ciI0QAOQmFWs/Ms1pBl.sNNgG','app','2021-12-01 00:38:33','2021-12-01 00:38:33'),(2,'adm','adm@rating-songs.com','$2y$10$cUu05b2DVdRj/oWp/fMNgOIzMLg.ciI0QAOQmFWs/Ms1pBl.sNNgG','adm','2021-12-01 00:38:33','2021-12-01 00:38:33'),(3,'dba','dba@rating-songs.com','$2y$10$cUu05b2DVdRj/oWp/fMNgOIzMLg.ciI0QAOQmFWs/Ms1pBl.sNNgG','dba','2021-12-01 00:38:33','2021-12-01 00:38:33'),(70,'teste','teste@a.com','$2y$10$CZaRN7gY.M0.SrjvzyebOOD9hA/AvYlELi/UmqcfuXKG/6nvJpW.G','app','2021-12-01 01:40:52','2021-12-01 01:40:52'),(71,'teste2','teste@rating-songs.com','$2y$10$qMzTQ6EheVOudoijwnZJpe2dx30z2Ana6UaRKu1cEwMGPKkTBJ6BK','app','2021-12-01 01:55:24','2021-12-01 01:55:24');
/*!40000 ALTER TABLE `users` ENABLE KEYS */;
UNLOCK TABLES;

--
-- Temporary view structure for view `web_users`
--

DROP TABLE IF EXISTS `web_users`;
/*!50001 DROP VIEW IF EXISTS `web_users`*/;
SET @saved_cs_client     = @@character_set_client;
/*!50503 SET character_set_client = utf8mb4 */;
/*!50001 CREATE VIEW `web_users` AS SELECT 
 1 AS `id`,
 1 AS `username`,
 1 AS `mail`,
 1 AS `passwd`,
 1 AS `user_type`*/;
SET character_set_client = @saved_cs_client;

--
-- Final view structure for view `adm_users`
--

/*!50001 DROP VIEW IF EXISTS `adm_users`*/;
/*!50001 SET @saved_cs_client          = @@character_set_client */;
/*!50001 SET @saved_cs_results         = @@character_set_results */;
/*!50001 SET @saved_col_connection     = @@collation_connection */;
/*!50001 SET character_set_client      = utf8mb4 */;
/*!50001 SET character_set_results     = utf8mb4 */;
/*!50001 SET collation_connection      = utf8mb4_0900_ai_ci */;
/*!50001 CREATE ALGORITHM=UNDEFINED */
/*!50013 DEFINER=`root`@`%` SQL SECURITY DEFINER */
/*!50001 VIEW `adm_users` AS select `u`.`id` AS `id`,`u`.`username` AS `username`,`u`.`mail` AS `mail`,`u`.`passwd` AS `passwd`,`u`.`user_type` AS `user_type` from `users` `u` */;
/*!50001 SET character_set_client      = @saved_cs_client */;
/*!50001 SET character_set_results     = @saved_cs_results */;
/*!50001 SET collation_connection      = @saved_col_connection */;

--
-- Final view structure for view `app_users`
--

/*!50001 DROP VIEW IF EXISTS `app_users`*/;
/*!50001 SET @saved_cs_client          = @@character_set_client */;
/*!50001 SET @saved_cs_results         = @@character_set_results */;
/*!50001 SET @saved_col_connection     = @@collation_connection */;
/*!50001 SET character_set_client      = utf8mb4 */;
/*!50001 SET character_set_results     = utf8mb4 */;
/*!50001 SET collation_connection      = utf8mb4_0900_ai_ci */;
/*!50001 CREATE ALGORITHM=UNDEFINED */
/*!50013 DEFINER=`root`@`%` SQL SECURITY DEFINER */
/*!50001 VIEW `app_users` AS select `u`.`id` AS `id`,`u`.`username` AS `username`,`u`.`mail` AS `mail`,`u`.`passwd` AS `passwd`,`u`.`user_type` AS `user_type` from `users` `u` */;
/*!50001 SET character_set_client      = @saved_cs_client */;
/*!50001 SET character_set_results     = @saved_cs_results */;
/*!50001 SET collation_connection      = @saved_col_connection */;

--
-- Final view structure for view `web_users`
--

/*!50001 DROP VIEW IF EXISTS `web_users`*/;
/*!50001 SET @saved_cs_client          = @@character_set_client */;
/*!50001 SET @saved_cs_results         = @@character_set_results */;
/*!50001 SET @saved_col_connection     = @@collation_connection */;
/*!50001 SET character_set_client      = utf8mb4 */;
/*!50001 SET character_set_results     = utf8mb4 */;
/*!50001 SET collation_connection      = utf8mb4_0900_ai_ci */;
/*!50001 CREATE ALGORITHM=UNDEFINED */
/*!50013 DEFINER=`root`@`%` SQL SECURITY DEFINER */
/*!50001 VIEW `web_users` AS select `u`.`id` AS `id`,`u`.`username` AS `username`,`u`.`mail` AS `mail`,`u`.`passwd` AS `passwd`,`u`.`user_type` AS `user_type` from `users` `u` */;
/*!50001 SET character_set_client      = @saved_cs_client */;
/*!50001 SET character_set_results     = @saved_cs_results */;
/*!50001 SET collation_connection      = @saved_col_connection */;
/*!40103 SET TIME_ZONE=@OLD_TIME_ZONE */;

/*!40101 SET SQL_MODE=@OLD_SQL_MODE */;
/*!40014 SET FOREIGN_KEY_CHECKS=@OLD_FOREIGN_KEY_CHECKS */;
/*!40014 SET UNIQUE_CHECKS=@OLD_UNIQUE_CHECKS */;
/*!40101 SET CHARACTER_SET_CLIENT=@OLD_CHARACTER_SET_CLIENT */;
/*!40101 SET CHARACTER_SET_RESULTS=@OLD_CHARACTER_SET_RESULTS */;
/*!40101 SET COLLATION_CONNECTION=@OLD_COLLATION_CONNECTION */;
/*!40111 SET SQL_NOTES=@OLD_SQL_NOTES */;

-- Dump completed on 2021-12-01  2:24:02
